username,degree,weighted_degree,degree_centrality,betweenness_centrality,closeness_centrality,eigenvector_centrality,pagerank,primary_category,categories,follower_segment,followers,avg_likes,avg_comments
1gezi_1kahve,41,25.5675,0.121662,0.00487,0.143117,0.113267,0.003828,yemek_mutfak,yemek_mutfak,micro,12125.0,1393.0,27.83
7.taetae,38,22.666,0.11276,4.7e-05,0.141908,0.040615,0.003556,ev_yasam,"ev_yasam,egitim_kariyer",nano,7165.0,9.25,2.08
__m_arco____._,38,15.9233,0.11276,0.024401,0.155836,0.012125,0.003319,otomotiv,"otomotiv,moda_yasam,anne_bebek",nano,976.0,52.58,51.0
_echec_et_maths_,38,22.4211,0.11276,4.7e-05,0.141691,0.040221,0.003522,ev_yasam,"ev_yasam,egitim_kariyer",micro,29923.0,40.0,1.5
aajjmale_,6,2.4161,0.017804,0.008616,0.115883,0.000305,0.001691,yemek_mutfak,"yemek_mutfak,ev_yasam,dekorasyon_mobilya",nano,373.0,113.0,1.67
afacankirtasiye19,8,3.5264,0.023739,0.011144,0.123277,0.000769,0.001402,oyuncak_hobi,"oyuncak_hobi,ev_yasam",nano,74.0,3.0,0.0
ahmetbulentcanli,51,23.1774,0.151335,0.00031,0.155891,0.058754,0.003538,egitim_kariyer,egitim_kariyer,nano,95.0,2.08,0.0
akash_singha_12,14,5.25,0.041543,0.0,0.094637,0.000363,0.001607,finans_is,"finans_is,seyahat_gezi",nano,2458.0,233.75,59.58
alexadcloset,11,4.875,0.032641,0.0,0.103031,0.000522,0.001482,guzellik_kozmetik,guzellik_kozmetik,micro,47802.0,4889.5,14.08
aliwahxz,20,12.4316,0.059347,0.002511,0.124764,0.001575,0.003242,finans_is,finans_is,nano,4004.0,278.5,40.0
alphonse_the_british,56,28.0759,0.166172,0.000326,0.165147,0.098533,0.004075,evcil_hayvan,"evcil_hayvan,egitim_kariyer",nano,5.0,4.25,0.0
altintaskirtasiye,8,3.5,0.023739,0.000586,0.122402,0.000759,0.001395,ev_yasam,"ev_yasam,oyuncak_hobi",nano,1090.0,94.73,0.36
ana_fikirler,50,25.1785,0.148368,0.000274,0.160915,0.099757,0.003677,evcil_hayvan,evcil_hayvan,nano,1118.0,41.08,25.0
ankmedipolybs,15,7.5396,0.04451,0.015714,0.125916,0.000289,0.002981,teknoloji,teknoloji,nano,587.0,35.83,1.42
ankurdwrh,7,3.1119,0.020772,0.011047,0.119324,0.000259,0.001422,fitness_saglik,"fitness_saglik,moda_yasam,seyahat_gezi",nano,1601.0,98.42,11.75
annelikruhumda_,44,23.1633,0.130564,4.1e-05,0.15845,0.055916,0.00367,anne_bebek,anne_bebek,micro,83207.0,39789.42,319.67
anneolmayolunda,44,23.2949,0.130564,0.001878,0.159236,0.056311,0.003687,anne_bebek,anne_bebek,nano,18.0,1.92,0.0
annevebebek2025,61,29.0469,0.181009,0.010112,0.16941,0.086188,0.004368,anne_bebek,"anne_bebek,evcil_hayvan",micro,12059.0,3768.33,27.25
anodos.patra,27,12.75,0.080119,0.008,0.12741,0.020957,0.002228,egitim_kariyer,"egitim_kariyer,ev_yasam,teknoloji",nano,289.0,26.83,0.17
apogeewp1,20,12.4049,0.059347,0.000418,0.124981,0.001602,0.003234,finans_is,finans_is,nano,55.0,18.17,0.0
areh.studies,27,12.9642,0.080119,0.003139,0.125381,0.021263,0.002394,egitim_kariyer,"egitim_kariyer,ev_yasam,kitap_kultur",nano,107.0,14.0,0.75
aslankidss_,23,10.1209,0.068249,0.001284,0.136596,0.009649,0.002193,moda_yasam,"moda_yasam,anne_bebek,taki_aksesuar",nano,74.0,15.25,0.0
asliglbaz,50,20.5254,0.148368,0.033481,0.14179,0.075281,0.00323,anne_bebek,"anne_bebek,yemek_mutfak",nano,417.0,110.0,10.17
asralfotografcilik,50,21.4562,0.148368,0.024471,0.164301,0.040411,0.003723,otomotiv,"otomotiv,evcil_hayvan,anne_bebek",nano,4276.0,90.0,3.75
assets.and.interests,20,12.4608,0.059347,0.011739,0.125593,0.001652,0.003246,finans_is,finans_is,nano,10.0,2.75,0.12
atomy.busranur,13,4.875,0.038576,0.004019,0.143295,0.004784,0.001333,guzellik_kozmetik,"guzellik_kozmetik,oyuncak_hobi,evcil_hayvan",nano,31.0,3.75,0.75
avm.sepetim,40,17.875,0.118694,0.002065,0.166228,0.043901,0.003131,evcil_hayvan,"evcil_hayvan,otomotiv",nano,125.0,6.33,0.17
awsservitecgmbh,25,9.75,0.074184,0.002411,0.118954,0.013714,0.002169,ev_yasam,ev_yasam,nano,8.0,1.62,0.12
ayda_atolye,19,7.75,0.05638,0.027383,0.15067,0.011105,0.002075,evcil_hayvan,"evcil_hayvan,yemek_mutfak,oyuncak_hobi",nano,1295.0,26.75,0.83
aylin_yaykin,44,23.037,0.130564,3e-06,0.15761,0.055572,0.003653,anne_bebek,anne_bebek,nano,837.0,-1.0,41.2
ayora.candles,8,3.0,0.023739,0.000652,0.132652,0.003405,0.001028,oyuncak_hobi,"oyuncak_hobi,dekorasyon_mobilya,evcil_hayvan",nano,627.0,33.17,409.17
aysegulkibarr,33,14.5898,0.097923,0.002767,0.155403,0.043725,0.002521,evcil_hayvan,"evcil_hayvan,oyuncak_hobi,egitim_kariyer",nano,278.0,17.33,6.0
babylabstudio,25,10.3216,0.074184,0.016821,0.152604,0.010675,0.002193,anne_bebek,"anne_bebek,egitim_kariyer,otomotiv",nano,1154.0,23.0,2.0
badematay,56,28.0986,0.166172,0.000106,0.164693,0.098657,0.004078,evcil_hayvan,"evcil_hayvan,egitim_kariyer",nano,82.0,32.5,0.83
baharatascakir,44,23.2316,0.130564,0.016029,0.159691,0.056094,0.00368,anne_bebek,anne_bebek,nano,374.0,65.33,3.83
bala_tech_0007,15,7.5132,0.04451,0.004733,0.125252,0.000288,0.00297,teknoloji,teknoloji,micro,50329.0,17108.92,983.17
balon_sepeti,35,15.7055,0.103858,0.00251,0.157707,0.033016,0.002849,oyuncak_hobi,"oyuncak_hobi,evcil_hayvan,anne_bebek",nano,676.0,10.42,1.25
baytunagrup,15,7.5132,0.04451,0.001496,0.125191,0.000288,0.002971,teknoloji,teknoloji,nano,48.0,15.0,0.0
bdk_bund,41,25.2306,0.121662,6.1e-05,0.141377,0.111819,0.003785,yemek_mutfak,yemek_mutfak,nano,1338.0,32.83,2.67
bdyuluslararasigida,41,25.2235,0.121662,2.4e-05,0.14116,0.111812,0.003783,yemek_mutfak,yemek_mutfak,nano,2027.0,56.27,0.0
beautybyeylull,11,4.916,0.032641,0.0,0.103635,0.000524,0.001492,guzellik_kozmetik,guzellik_kozmetik,nano,83.0,7.5,0.0
bebegim.icin7,50,20.448,0.148368,0.013827,0.141437,0.075036,0.003217,anne_bebek,"anne_bebek,yemek_mutfak",nano,2.0,2.0,0.0
bebekvari,44,23.2077,0.130564,3e-06,0.158507,0.056085,0.003675,anne_bebek,anne_bebek,nano,1022.0,76.45,0.55
bee.artisan.qc,15,6.125,0.04451,0.009453,0.139304,0.000641,0.002033,oyuncak_hobi,"oyuncak_hobi,otomotiv,finans_is",nano,26.0,0.75,1.5
beko_kayaoglu,41,25.2306,0.121662,6.7e-05,0.14151,0.11183,0.003785,yemek_mutfak,yemek_mutfak,nano,808.0,246.64,0.82
bela._.aura,29,15.2632,0.086053,0.000401,0.139737,0.003294,0.003467,guzellik_kozmetik,"guzellik_kozmetik,otomotiv",nano,40.0,8.2,0.2
bento.lola_,50,25.2397,0.148368,0.000662,0.161943,0.100007,0.003685,evcil_hayvan,evcil_hayvan,nano,23.0,10.78,1.89
berilybaby,41,19.8714,0.121662,0.003917,0.159891,0.036866,0.003487,anne_bebek,"anne_bebek,moda_yasam,evcil_hayvan",nano,39.0,3.75,0.0
beyzadeecicek,44,23.1051,0.130564,0.00184,0.158828,0.055696,0.003663,anne_bebek,anne_bebek,nano,150.0,13.75,0.0
bikiandchonk,56,28.1626,0.166172,0.000106,0.165406,0.09892,0.004086,evcil_hayvan,"evcil_hayvan,egitim_kariyer",nano,97.0,10.5,0.88
bilkentalks,20,12.375,0.059347,0.000418,0.124673,0.001573,0.003228,finans_is,finans_is,nano,2404.0,30.08,8.17
bioexatas.ms,38,22.4376,0.11276,0.002467,0.142181,0.040262,0.003524,ev_yasam,"ev_yasam,egitim_kariyer",nano,4053.0,150.33,10.92
birazannebirazkaos,44,23.3904,0.130564,0.004083,0.15987,0.056632,0.0037,anne_bebek,anne_bebek,nano,15.0,7.6,2.8
bizimbebekgunlugu,61,28.9854,0.181009,0.011958,0.169324,0.086052,0.00436,anne_bebek,"anne_bebek,evcil_hayvan",nano,510.0,683.33,8.75
bloggwithmom,50,20.3494,0.148368,0.002667,0.140353,0.074864,0.003204,anne_bebek,"anne_bebek,yemek_mutfak",nano,586.0,1310.5,61.17
bodoge_shitamura,8,3.8063,0.023739,0.0,0.111289,0.000303,0.001595,oyuncak_hobi,"oyuncak_hobi,oyun_espor",nano,173.0,2.67,0.0
bonbon.balon,50,25.2056,0.148368,0.000327,0.160926,0.09984,0.003681,evcil_hayvan,evcil_hayvan,nano,397.0,31.75,1.92
buabroad,27,12.9065,0.080119,0.008383,0.127499,0.020503,0.002576,egitim_kariyer,"egitim_kariyer,ev_yasam,seyahat_gezi",nano,6099.0,43.5,2.88
byaslanhoca,51,22.9542,0.151335,0.00329,0.155056,0.058239,0.003509,egitim_kariyer,egitim_kariyer,nano,243.0,29.83,1.92
callystavodafone4,17,7.5,0.050445,0.002325,0.137673,0.004273,0.002353,oyuncak_hobi,oyuncak_hobi,nano,203.0,4.17,0.0
cat_dogloversofficial,56,28.2673,0.166172,0.003391,0.165218,0.099242,0.0041,evcil_hayvan,"evcil_hayvan,egitim_kariyer",nano,5631.0,18.83,2.5
cayeli.evmeze,41,25.4333,0.121662,6.1e-05,0.141944,0.11271,0.003812,yemek_mutfak,yemek_mutfak,nano,99.0,17.14,0.0
cb.ayseyurtsever,50,25.125,0.148368,9.7e-05,0.160325,0.099563,0.00367,evcil_hayvan,evcil_hayvan,nano,574.0,14.58,0.33
cekirdekrehberlik,51,23.2006,0.151335,0.008068,0.157158,0.058866,0.003541,egitim_kariyer,egitim_kariyer,nano,301.0,64.43,22.86
celebrationstudio.ie,3,1.125,0.008902,0.002528,0.098041,2.2e-05,0.001243,dekorasyon_mobilya,dekorasyon_mobilya,nano,1166.0,24.83,1.83
cflmun,20,12.375,0.059347,0.000418,0.124673,0.001573,0.003228,finans_is,finans_is,nano,581.0,27.83,2.25
chovancova_viktoria,34,13.9712,0.10089,0.007183,0.129274,0.054163,0.002614,fitness_saglik,"fitness_saglik,yemek_mutfak",micro,43331.0,5102.5,34.58
christian.and.catherine,35,15.7537,0.103858,0.019132,0.154112,0.012993,0.003237,guzellik_kozmetik,"guzellik_kozmetik,otomotiv,evcil_hayvan",nano,1274.0,7.0,0.17
ciaocane.spa,50,25.2077,0.148368,0.000176,0.1612,0.099871,0.003681,evcil_hayvan,evcil_hayvan,nano,804.0,26.0,2.5
clair_glow,35,15.625,0.103858,0.003716,0.153941,0.012968,0.003212,guzellik_kozmetik,"guzellik_kozmetik,otomotiv,evcil_hayvan",nano,38.0,0.17,0.0
clubpilates.sandy,9,3.7764,0.026706,0.005527,0.122514,0.003128,0.001343,fitness_saglik,fitness_saglik,nano,1701.0,8.5,5.0
cocukgiyimevicom,41,19.8154,0.121662,0.004293,0.160045,0.037067,0.003475,anne_bebek,"anne_bebek,moda_yasam,evcil_hayvan",micro,19465.0,2.67,0.25
cookieetgribouille,36,15.75,0.106825,0.002901,0.157203,0.007366,0.003729,otomotiv,otomotiv,nano,360.0,70.27,1.18
coquiette.jpg,22,9.0,0.065282,0.00023,0.103751,0.000419,0.002753,teknoloji,"teknoloji,finans_is",nano,7083.0,911.33,36.17
cozumelektronikmagaza,12,4.8042,0.035608,0.014072,0.127897,0.00041,0.001921,teknoloji,"teknoloji,oyuncak_hobi",micro,11896.0,235.42,1.25
cozysahra,41,25.1514,0.121662,2.4e-05,0.141661,0.111453,0.003774,yemek_mutfak,yemek_mutfak,nano,3743.0,357.0,56.92
cvmatchly_ai,13,5.416,0.038576,0.004769,0.138785,0.005845,0.001463,egitim_kariyer,"egitim_kariyer,otomotiv,taki_aksesuar",nano,343.0,9.58,1.92
cyf_congress,16,6.875,0.047478,0.004938,0.144848,0.007143,0.001672,egitim_kariyer,"egitim_kariyer,otomotiv,finans_is",nano,1697.0,58.08,0.75
damlasdreams,18,7.3716,0.053412,0.005746,0.140018,0.004388,0.001845,otomotiv,"otomotiv,fitness_saglik,anne_bebek",nano,39.0,10.2,0.6
danica_studio,4,1.6661,0.011869,0.001054,0.100107,2.7e-05,0.001521,dekorasyon_mobilya,"dekorasyon_mobilya,ev_yasam,moda_yasam",micro,23134.0,27.62,1.5
dastini.burhaniye,23,10.316,0.068249,0.002813,0.137492,0.009927,0.002223,moda_yasam,"moda_yasam,anne_bebek,taki_aksesuar",nano,640.0,22.08,0.67
deardilay,38,22.4387,0.11276,0.00925,0.142406,0.040399,0.003523,egitim_kariyer,"egitim_kariyer,ev_yasam",nano,216.0,33.08,2.33
debasethecurrency,31,13.75,0.091988,0.000819,0.148394,0.042197,0.002335,finans_is,"finans_is,evcil_hayvan,egitim_kariyer",nano,1373.0,18.67,3.25
der_legoist,14,5.8683,0.041543,0.005212,0.129964,0.00031,0.00208,oyuncak_hobi,"oyuncak_hobi,otomotiv,taki_aksesuar",nano,4620.0,234.0,33.55
dhy_strategist,22,9.1132,0.065282,0.001698,0.104474,0.000426,0.002779,finans_is,"finans_is,teknoloji",nano,899.0,66.42,10.5
dimensionepc,15,7.5,0.04451,0.001496,0.12519,0.000288,0.002967,teknoloji,teknoloji,nano,436.0,9.58,1.17
dlra.homeblog,6,2.6661,0.017804,0.005968,0.109598,0.000465,0.001999,ev_yasam,"ev_yasam,dekorasyon_mobilya",nano,1858.0,123.33,8.33
dmlbllog,50,20.4912,0.148368,0.019864,0.141092,0.075329,0.003225,anne_bebek,"anne_bebek,yemek_mutfak",micro,30350.0,30616.92,39.92
dongellerkonagieymir,41,25.125,0.121662,2.4e-05,0.14113,0.111379,0.00377,yemek_mutfak,yemek_mutfak,nano,434.0,55.82,254.64
dragana_stosic_gagasf,17,7.5132,0.050445,0.006777,0.137857,0.004273,0.002358,oyuncak_hobi,oyuncak_hobi,nano,858.0,22.33,0.67
drfaikuzun,11,4.625,0.032641,0.005862,0.140859,0.006808,0.001405,evcil_hayvan,"evcil_hayvan,yemek_mutfak,taki_aksesuar",nano,3594.0,206.55,0.0
drlutfullahaslan,44,23.0217,0.130564,3e-06,0.15778,0.055507,0.003651,anne_bebek,anne_bebek,nano,1935.0,376.42,7.0
drturkerborucu,30,12.7584,0.089021,0.011599,0.154378,0.029181,0.00239,anne_bebek,"anne_bebek,fitness_saglik,evcil_hayvan",nano,5145.0,327.58,2.75
e_blogg__,41,25.417,0.121662,0.001817,0.142939,0.112637,0.003809,yemek_mutfak,yemek_mutfak,nano,6707.0,675.83,45.92
ebrardenizgez,44,22.9424,0.130564,0.000347,0.157203,0.05524,0.003641,anne_bebek,anne_bebek,nano,200.0,6.5,3.08
eda.aslnn,41,25.4592,0.121662,0.000258,0.142355,0.112796,0.003815,yemek_mutfak,yemek_mutfak,micro,11117.0,226.75,8.33
edirneulak,8,3.375,0.023739,0.005184,0.111458,6.6e-05,0.001546,teknoloji,"teknoloji,otomotiv,oyun_espor",micro,11514.0,248.0,0.0
eesraa_ismail,10,4.0,0.029674,0.010342,0.144787,0.005725,0.001428,yemek_mutfak,"yemek_mutfak,ev_yasam,evcil_hayvan",nano,5196.0,622.5,22.67
ela.kitchenn,41,25.5499,0.121662,0.00871,0.142967,0.113084,0.003829,yemek_mutfak,yemek_mutfak,nano,80.0,26.42,4.42
elifomerkayra,8,3.25,0.023739,0.001785,0.125148,0.004192,0.001308,yemek_mutfak,"yemek_mutfak,evcil_hayvan,dekorasyon_mobilya",mid,115509.0,1926.92,23.0
elifsenababykids,28,12.116,0.083086,0.00411,0.144627,0.011996,0.002531,anne_bebek,"anne_bebek,moda_yasam,oyuncak_hobi",nano,1019.0,14.42,0.33
elifuzunrr,15,7.875,0.04451,0.0,0.121528,0.002414,0.002277,moda_yasam,moda_yasam,nano,12.0,1.58,0.33
elli_beanyyy,50,25.2417,0.148368,0.000352,0.161414,0.100022,0.003685,evcil_hayvan,evcil_hayvan,nano,9.0,55.25,2.25
emilyethics,29,12.1175,0.086053,0.0182,0.137624,0.009386,0.002819,fitness_saglik,"fitness_saglik,moda_yasam,anne_bebek",nano,5498.0,120.25,7.92
emine.bites,41,25.5891,0.121662,0.004467,0.143536,0.113336,0.003831,yemek_mutfak,yemek_mutfak,nano,819.0,95.83,11.83
empolisportfestival,15,6.9369,0.04451,0.005859,0.134816,0.00118,0.002148,fitness_saglik,"fitness_saglik,moda_yasam,otomotiv",nano,9.0,4.0,0.5
enfju_,38,22.5774,0.11276,0.002467,0.142206,0.040489,0.003543,ev_yasam,"ev_yasam,egitim_kariyer",nano,451.0,-1.0,29.38
erdemyazilimanadolulisesi,19,7.375,0.05638,0.02764,0.136656,0.011964,0.001881,teknoloji,"teknoloji,egitim_kariyer",nano,2986.0,71.08,1.75
esrajournalss,38,22.3499,0.11276,0.001743,0.1423,0.040195,0.003511,ev_yasam,"ev_yasam,egitim_kariyer",nano,271.0,7.33,4.58
esravepasta,50,25.2002,0.148368,0.000292,0.160732,0.09988,0.00368,evcil_hayvan,evcil_hayvan,nano,920.0,64.67,4.67
estudelavis,38,22.542,0.11276,4.7e-05,0.141771,0.040413,0.003539,egitim_kariyer,"egitim_kariyer,ev_yasam",micro,44817.0,2562.82,52.73
eticaret.gercekleri,36,15.791,0.106825,0.024906,0.157774,0.007369,0.003738,otomotiv,otomotiv,nano,2.0,0.75,0.25
etlitariflerr,34,13.9582,0.10089,0.00127,0.128758,0.0542,0.002609,fitness_saglik,"fitness_saglik,yemek_mutfak",mid,407824.0,220.0,0.0
everyounglb,28,13.4014,0.083086,0.001011,0.144117,0.005111,0.002931,otomotiv,"otomotiv,guzellik_kozmetik,anne_bebek",nano,1373.0,2.17,0.25
exact_ias,17,6.5,0.050445,0.014962,0.117624,0.001285,0.001824,ev_yasam,"ev_yasam,finans_is",mid,133471.0,10826.92,11.58
exoduslearn_,38,22.5933,0.11276,0.000666,0.141976,0.040485,0.003546,egitim_kariyer,"egitim_kariyer,ev_yasam",nano,2.0,0.88,0.25
fatih.iosdev,15,7.5,0.04451,0.001496,0.12519,0.000288,0.002967,teknoloji,teknoloji,nano,1244.0,147.08,16.0
fatmazehra.keskinkrzan,9,3.75,0.026706,0.000626,0.12197,0.003097,0.001336,fitness_saglik,fitness_saglik,nano,417.0,10.33,0.25
febitekk,15,7.5132,0.04451,0.001496,0.125191,0.000288,0.002971,teknoloji,teknoloji,nano,3357.0,146.42,2.58
fhosalay,40,17.9987,0.118694,0.01279,0.167093,0.044342,0.003147,evcil_hayvan,"evcil_hayvan,otomotiv",nano,1947.0,1736.0,181.67
fika.mag,7,2.625,0.020772,0.001017,0.098484,4.2e-05,0.001428,kitap_kultur,"kitap_kultur,teknoloji",nano,37.0,4.17,0.17
financezirovnice,20,12.4181,0.059347,0.000418,0.125038,0.001603,0.003237,finans_is,finans_is,nano,136.0,5.7,0.0
fit4momwestseattle,23,9.0,0.068249,0.004021,0.138457,0.017466,0.001865,fitness_saglik,"fitness_saglik,anne_bebek",nano,1784.0,10.83,0.5
fithera_kongress,6,2.75,0.017804,0.003827,0.116137,0.004899,0.000953,fitness_saglik,"fitness_saglik,yemek_mutfak,finans_is",nano,1165.0,28.0,0.5
fnuraltundal,44,22.875,0.130564,3e-06,0.156503,0.055105,0.003631,anne_bebek,anne_bebek,nano,1350.0,262.83,14.5
foodloverrr2000,34,13.9062,0.10089,0.000652,0.128649,0.053914,0.002603,fitness_saglik,"fitness_saglik,yemek_mutfak",nano,61.0,9.0,1.5
fsmortaokulu33,51,22.9542,0.151335,0.00329,0.155056,0.058239,0.003509,egitim_kariyer,egitim_kariyer,nano,683.0,74.83,0.0
funda.sbloom,3,1.125,0.008902,0.002131,0.100829,0.000835,0.000804,kitap_kultur,kitap_kultur,nano,190.0,22.5,0.33
furnbubbles_kiato,40,17.9028,0.118694,0.006446,0.166477,0.043916,0.003136,evcil_hayvan,"evcil_hayvan,otomotiv",nano,343.0,17.18,0.09
gastronotrukenii_,41,25.5175,0.121662,0.000173,0.142604,0.113074,0.003822,yemek_mutfak,yemek_mutfak,nano,251.0,16.5,0.0
georgepalozzi,28,12.2933,0.083086,0.017166,0.156487,0.017881,0.002468,otomotiv,"otomotiv,egitim_kariyer",micro,14111.0,1043.25,20.58
ghenosgames,14,6.6959,0.041543,0.001983,0.122801,0.000195,0.002446,oyun_espor,"oyun_espor,oyuncak_hobi,otomotiv",micro,10297.0,757.36,13.27
gizemhatimoglu,32,12.8975,0.094955,0.012169,0.155621,0.030366,0.00219,anne_bebek,"anne_bebek,egitim_kariyer",micro,24329.0,2168.33,36.33
gizemisfen,28,13.4471,0.083086,0.018524,0.145133,0.005149,0.002939,guzellik_kozmetik,"guzellik_kozmetik,anne_bebek,otomotiv",nano,307.0,20.08,0.5
glowenceco,35,15.7205,0.103858,0.007669,0.154144,0.012988,0.00323,guzellik_kozmetik,"guzellik_kozmetik,evcil_hayvan,otomotiv",nano,9.0,3.62,0.12
gm_gozdemukavelat,29,12.2764,0.086053,0.006144,0.136471,0.002833,0.002891,guzellik_kozmetik,"guzellik_kozmetik,otomotiv,moda_yasam",nano,127.0,6.67,0.0
gozdessign,35,15.8764,0.103858,0.019749,0.158308,0.033505,0.002873,anne_bebek,"anne_bebek,oyuncak_hobi,evcil_hayvan",nano,1239.0,21.92,1.25
graffireallylike,6,2.25,0.017804,0.009184,0.126911,0.001373,0.001342,taki_aksesuar,taki_aksesuar,nano,600.0,54.0,1.33
grimm_jowtv,22,10.1382,0.065282,0.007375,0.140948,0.001334,0.00306,otomotiv,"otomotiv,oyuncak_hobi",nano,41.0,5.43,0.57
guilhermecontador_,17,7.5132,0.050445,0.00799,0.137952,0.004273,0.002357,oyuncak_hobi,oyuncak_hobi,nano,2944.0,110.08,13.42
gul_sevle,41,25.4201,0.121662,6.1e-05,0.141943,0.112648,0.00381,yemek_mutfak,yemek_mutfak,mega,1020917.0,-1.0,212.18
gulhanersahin2,56,27.625,0.166172,0.000106,0.16334,0.09702,0.004016,egitim_kariyer,"egitim_kariyer,evcil_hayvan",nano,693.0,38.83,3.0
gull.vlog,41,25.3727,0.121662,0.003486,0.142306,0.112432,0.003803,yemek_mutfak,yemek_mutfak,micro,10239.0,14994.33,30.25
hafstory.sk,28,12.3252,0.083086,0.000106,0.143674,0.041331,0.00207,evcil_hayvan,"evcil_hayvan,egitim_kariyer,kitap_kultur",nano,248.0,47.42,1.5
hamarat.eller.25.35,41,25.2174,0.121662,2.4e-05,0.141371,0.111789,0.003783,yemek_mutfak,yemek_mutfak,nano,39.0,22.0,1.0
hamilelik.annelik,34,14.5897,0.10089,0.010226,0.153351,0.031857,0.002686,anne_bebek,"anne_bebek,evcil_hayvan,taki_aksesuar",micro,10966.0,598.42,2.5
hamilelikveanne,61,29.0309,0.181009,0.003249,0.169111,0.086284,0.004364,anne_bebek,"anne_bebek,evcil_hayvan",micro,79656.0,7794.17,43.67
hardline.iq,8,3.5,0.023739,9.6e-05,0.101951,3.1e-05,0.001705,teknoloji,"teknoloji,oyun_espor",nano,3865.0,107.08,19.17
hati_cehomm,50,25.2016,0.148368,0.00086,0.16076,0.099883,0.00368,evcil_hayvan,evcil_hayvan,nano,1396.0,24.25,2.17
hemsireeannegunlugu,61,28.7449,0.181009,0.001259,0.168762,0.085397,0.004327,anne_bebek,"anne_bebek,evcil_hayvan",nano,2958.0,68.75,12.33
hobby_prive,28,10.5839,0.083086,0.004027,0.110802,0.050118,0.001972,yemek_mutfak,"yemek_mutfak,kitap_kultur",nano,32.0,3.83,0.0
huaico.gato,50,25.2798,0.148368,0.006893,0.16283,0.100129,0.00369,evcil_hayvan,evcil_hayvan,nano,1072.0,725.0,13.75
humanistic_wellness,44,22.875,0.130564,3e-06,0.156503,0.055105,0.003631,anne_bebek,anne_bebek,nano,67.0,1.75,1.67
icefoxonline,41,20.0283,0.121662,0.010805,0.160226,0.037382,0.003508,anne_bebek,"anne_bebek,moda_yasam,evcil_hayvan",nano,42.0,4.83,0.83
ikkiturkiye,25,9.9028,0.074184,0.057941,0.146763,0.00181,0.002581,otomotiv,"otomotiv,finans_is",nano,43.0,0.67,0.08
info.tinyva,28,13.3882,0.083086,0.000385,0.144026,0.005109,0.002928,anne_bebek,"anne_bebek,otomotiv,guzellik_kozmetik",nano,6.0,0.08,0.83
insigniask_tr,36,15.75,0.106825,0.002901,0.157203,0.007366,0.003729,otomotiv,otomotiv,nano,9837.0,1349.83,69.67
intothemezcoverse,31,13.1514,0.091988,0.010304,0.138383,0.002006,0.003386,oyuncak_hobi,"oyuncak_hobi,otomotiv,guzellik_kozmetik",nano,2324.0,58.75,6.5
ishaan_international_school,31,13.7771,0.091988,0.004669,0.148717,0.042225,0.00234,evcil_hayvan,"evcil_hayvan,egitim_kariyer,finans_is",nano,2238.0,130.75,2.5
itssyamaan,61,28.9955,0.181009,0.00974,0.170093,0.086122,0.004361,anne_bebek,"anne_bebek,evcil_hayvan",nano,896.0,204.0,9.5
jean_exclusividad,15,6.9752,0.04451,0.002114,0.124919,0.0007,0.002323,moda_yasam,"moda_yasam,fitness_saglik",nano,1808.0,1.5,0.2
k3studiosae,20,12.4278,0.059347,0.000418,0.124709,0.001576,0.00324,finans_is,finans_is,nano,22.0,3.25,0.58
kahvekoliklady,41,25.2777,0.121662,9.4e-05,0.141303,0.112048,0.00379,yemek_mutfak,yemek_mutfak,nano,3380.0,60.92,54.67
kahvemvekeyfi_,25,10.5362,0.074184,0.030425,0.144423,0.015239,0.002168,yemek_mutfak,"yemek_mutfak,moda_yasam,anne_bebek",nano,7127.0,237.3,18.4
kaligraficik,2,0.75,0.005935,0.000599,0.097296,2.3e-05,0.000986,dekorasyon_mobilya,"dekorasyon_mobilya,taki_aksesuar",nano,1071.0,64.89,3.56
kapadokyayapayzekazirvesi,22,9.5278,0.065282,0.009624,0.131249,0.001816,0.002424,guzellik_kozmetik,"guzellik_kozmetik,teknoloji,otomotiv",nano,332.0,48.5,4.75
karaglassstudio,20,12.4278,0.059347,0.000418,0.124709,0.001576,0.00324,finans_is,finans_is,nano,36.0,17.43,1.29
kattantkonyvkucko,8,3.0,0.023739,0.002933,0.117695,0.000858,0.0012,otomotiv,"otomotiv,kitap_kultur",nano,1542.0,55.27,8.73
kilotakip,37,15.2438,0.109792,0.003663,0.136897,0.054746,0.00295,oyuncak_hobi,"oyuncak_hobi,yemek_mutfak",micro,74037.0,1250.0,48.9
kingdoms__at__war,8,3.8168,0.023739,0.000159,0.11137,0.000303,0.001598,oyun_espor,"oyun_espor,oyuncak_hobi",nano,37.0,5.75,0.0
kitchen.anemon,37,15.692,0.109792,0.025692,0.138326,0.056819,0.00301,yemek_mutfak,"yemek_mutfak,oyuncak_hobi",nano,434.0,4.17,5.5
klncveterinerklinigi,33,14.9616,0.097923,0.011208,0.157434,0.044974,0.00257,evcil_hayvan,"evcil_hayvan,oyuncak_hobi,egitim_kariyer",nano,244.0,31.75,0.33
kolaytatlitariflerim,41,25.4034,0.121662,5.5e-05,0.141703,0.112589,0.003808,yemek_mutfak,yemek_mutfak,micro,67113.0,76.82,0.91
kulawykurczak,15,5.6514,0.04451,0.000728,0.137996,0.006102,0.001387,guzellik_kozmetik,"guzellik_kozmetik,evcil_hayvan,moda_yasam",nano,9059.0,35.75,34.25
laf_activities,24,9.8882,0.071217,0.003499,0.144347,0.032401,0.002033,evcil_hayvan,"evcil_hayvan,taki_aksesuar",nano,2956.0,64.17,5.92
laken_turkiye,29,12.4292,0.086053,0.010876,0.141786,0.021114,0.002439,anne_bebek,"anne_bebek,oyuncak_hobi",nano,648.0,12.55,0.55
learngrowevolverepeat,28,12.2764,0.083086,0.001517,0.155727,0.017881,0.002465,egitim_kariyer,"egitim_kariyer,otomotiv",nano,530.0,21.42,1.58
lego._.island,22,10.2216,0.065282,0.004349,0.141267,0.001334,0.003085,oyuncak_hobi,"oyuncak_hobi,otomotiv",nano,48.0,16.09,2.18
lf.photoscb,46,21.5501,0.136499,0.020874,0.164559,0.053541,0.003596,evcil_hayvan,"evcil_hayvan,egitim_kariyer,otomotiv",nano,2.0,2.0,0.0
lgs27kpss26,51,22.9962,0.151335,0.00329,0.155133,0.058332,0.003514,egitim_kariyer,egitim_kariyer,nano,506.0,163.4,0.6
lifeofwadhwa,50,25.1514,0.148368,9.7e-05,0.160329,0.099675,0.003674,evcil_hayvan,evcil_hayvan,nano,2396.0,43.0,12.33
linaberry_shop,11,4.875,0.032641,0.003942,0.124647,0.00769,0.001454,fitness_saglik,"fitness_saglik,yemek_mutfak,oyuncak_hobi",nano,52.0,9.67,0.58
listifyai.app,22,9.5575,0.065282,0.013501,0.148129,0.002215,0.002556,otomotiv,"otomotiv,moda_yasam",nano,9.0,-0.67,0.83
lola_thelollipopcat,40,17.9631,0.118694,0.009855,0.167946,0.044171,0.003143,evcil_hayvan,"evcil_hayvan,otomotiv",nano,1621.0,442.75,36.5
luckybracecat,46,21.5959,0.136499,0.015737,0.164637,0.053543,0.003604,evcil_hayvan,"evcil_hayvan,egitim_kariyer,otomotiv",nano,2577.0,49.5,5.0
lune_rahandmade,23,9.2042,0.068249,0.005393,0.135377,0.017928,0.001909,taki_aksesuar,"taki_aksesuar,anne_bebek",nano,30.0,9.75,0.75
madadora_by.madma,15,7.9181,0.04451,0.0,0.121932,0.002417,0.002288,moda_yasam,moda_yasam,nano,150.0,1.12,0.0
maggieblue_with_covidblack,56,27.9525,0.166172,0.000106,0.164352,0.098153,0.004059,evcil_hayvan,"evcil_hayvan,egitim_kariyer",nano,99.0,7.33,0.0
maisonvale.tr,15,7.9193,0.04451,0.0,0.121926,0.002418,0.002287,moda_yasam,moda_yasam,nano,353.0,0.0,0.0
marykidscom,45,20.5239,0.133531,0.005195,0.149068,0.027992,0.003851,moda_yasam,"moda_yasam,anne_bebek",nano,722.0,12.83,0.17
mavi.caodeirante,50,25.2417,0.148368,9.7e-05,0.161403,0.100024,0.003685,evcil_hayvan,evcil_hayvan,micro,45018.0,5114.0,60.7
max_thewolf_husky01,50,25.2563,0.148368,0.000369,0.161668,0.100076,0.003687,evcil_hayvan,evcil_hayvan,nano,49.0,45.83,3.33
maxidonertr,41,25.2861,0.121662,2.4e-05,0.141459,0.112105,0.003792,yemek_mutfak,yemek_mutfak,nano,40.0,15.0,0.0
meilicloset,15,7.9193,0.04451,0.0,0.121926,0.002418,0.002287,moda_yasam,moda_yasam,nano,290.0,31.88,0.0
mercaninkiyisindan,37,15.7353,0.109792,0.015255,0.158133,0.021329,0.003006,anne_bebek,"anne_bebek,otomotiv",nano,81.0,43.58,6.0
merkez.pastane,51,20.1382,0.151335,0.018863,0.147126,0.082679,0.003371,yemek_mutfak,"yemek_mutfak,evcil_hayvan",nano,110.0,14.0,1.17
merlin.kleiner.verzauberer,55,24.4153,0.163205,0.059526,0.165202,0.070916,0.003781,evcil_hayvan,"evcil_hayvan,anne_bebek,egitim_kariyer",nano,1453.0,43.0,4.25
mery_pacella,15,6.9369,0.04451,0.00781,0.135046,0.001184,0.002149,fitness_saglik,"fitness_saglik,moda_yasam,otomotiv",micro,26835.0,1689.08,66.25
meyramlaannelik,44,23.168,0.130564,0.000976,0.159234,0.05596,0.00367,anne_bebek,anne_bebek,nano,181.0,35.83,14.25
meysaca.blogg,44,23.2524,0.130564,0.009475,0.159626,0.0561,0.003683,anne_bebek,anne_bebek,nano,8092.0,341.75,4.75
mimabebekbutikk,45,20.6241,0.133531,0.016419,0.149645,0.028173,0.003864,anne_bebek,"anne_bebek,moda_yasam",nano,430.0,31.0,80.83
min.n.mun,56,28.1638,0.166172,0.001324,0.16499,0.098885,0.004086,evcil_hayvan,"evcil_hayvan,egitim_kariyer",nano,33.0,4.73,1.64
mini_baby.butik,45,20.3609,0.133531,0.004,0.148598,0.027786,0.003825,moda_yasam,"moda_yasam,anne_bebek",nano,13.0,2.0,0.17
minimodatr,38,15.7895,0.11276,0.009,0.152808,0.011999,0.003293,anne_bebek,"anne_bebek,moda_yasam,otomotiv",nano,1873.0,15.75,8.67
minisaglikrehberi,44,23.0898,0.130564,0.00018,0.158284,0.055688,0.003661,anne_bebek,anne_bebek,nano,75.0,-1.0,4.0
mirayela.blog,61,28.7475,0.181009,0.001526,0.16866,0.085496,0.004326,anne_bebek,"anne_bebek,evcil_hayvan",nano,39.0,23.2,1.1
mistiq.gunce,44,23.0381,0.130564,3e-06,0.157774,0.055546,0.003653,anne_bebek,anne_bebek,nano,136.0,33.92,3.92
ml.petportraits,29,13.2109,0.086053,0.018998,0.147873,0.043038,0.002224,evcil_hayvan,"evcil_hayvan,teknoloji,egitim_kariyer",unknown,,0.0,0.25
mnemonicsbybabita,38,22.5218,0.11276,4.7e-05,0.141878,0.040386,0.003536,ev_yasam,"ev_yasam,egitim_kariyer",nano,43.0,40.5,1.5
momtimetr,44,23.2046,0.130564,1.5e-05,0.159001,0.055997,0.003676,anne_bebek,anne_bebek,nano,649.0,9.17,2.83
motaz_hayani,20,12.375,0.059347,0.000418,0.124673,0.001573,0.003228,finans_is,finans_is,nano,1098.0,95.58,3.83
mucizeyolculugum,61,28.884,0.181009,0.007088,0.169128,0.085906,0.004344,anne_bebek,"anne_bebek,evcil_hayvan",nano,3036.0,940.67,8.0
muratgunduzs,56,28.2799,0.166172,0.005837,0.165057,0.099302,0.004101,evcil_hayvan,"evcil_hayvan,egitim_kariyer",micro,18339.0,2973.92,183.5
mustachio.otr,15,6.9702,0.04451,0.000868,0.125361,0.000702,0.002321,moda_yasam,"moda_yasam,fitness_saglik",nano,1261.0,45.08,31.92
muzeyyenin_aynasi,38,14.4814,0.11276,0.03342,0.130656,0.061216,0.002299,yemek_mutfak,"yemek_mutfak,egitim_kariyer",nano,802.0,39.08,3.33
my.scholar.aid,26,12.7051,0.077151,0.005193,0.126168,0.020793,0.002385,ev_yasam,"ev_yasam,egitim_kariyer,fitness_saglik",micro,35651.0,-1.0,119.67
mycar.denizli,8,3.0,0.023739,0.004969,0.113857,0.000845,0.001324,otomotiv,"otomotiv,dekorasyon_mobilya",nano,176.0,13.0,0.0
mycat_mango,50,21.4366,0.148368,0.016736,0.165495,0.040108,0.003725,evcil_hayvan,"evcil_hayvan,otomotiv,anne_bebek",nano,2513.0,105.75,1.42
nadja.k_organics,46,21.5465,0.136499,0.01496,0.164798,0.053375,0.003597,evcil_hayvan,"evcil_hayvan,otomotiv,egitim_kariyer",nano,560.0,24.0,2.67
neselitat,50,25.2622,0.148368,0.000197,0.160954,0.100103,0.003688,evcil_hayvan,evcil_hayvan,nano,1362.0,42.42,7.92
nesva.journal,3,1.125,0.008902,0.0,0.098953,0.00069,0.000815,seyahat_gezi,"seyahat_gezi,ev_yasam,kitap_kultur",nano,279.0,-1.0,7.33
nfawear,15,7.9287,0.04451,0.0,0.122084,0.002419,0.00229,moda_yasam,moda_yasam,nano,65.0,14.0,2.0
noodleandbooinc,28,13.3882,0.083086,0.000385,0.144026,0.005109,0.002928,otomotiv,"otomotiv,guzellik_kozmetik,anne_bebek",mid,150266.0,136.33,42.17
novalala.atelier,7,2.6514,0.020772,0.000567,0.117119,0.000915,0.000997,moda_yasam,"moda_yasam,taki_aksesuar,oyuncak_hobi",micro,15850.0,157.75,22.42
novaschooloflaw,46,21.125,0.136499,0.00337,0.162892,0.052077,0.00354,egitim_kariyer,"egitim_kariyer,otomotiv,evcil_hayvan",nano,8110.0,207.33,2.08
oceantwenty9,29,15.2927,0.086053,0.000401,0.140082,0.003304,0.003472,guzellik_kozmetik,"guzellik_kozmetik,otomotiv",nano,484.0,20.83,1.83
op.dr.busrasahin,61,28.371,0.181009,0.0002,0.167655,0.084511,0.004274,evcil_hayvan,"evcil_hayvan,anne_bebek",nano,5586.0,143.17,0.0
overhearddeumed,51,23.0237,0.151335,0.00329,0.155523,0.058367,0.003518,egitim_kariyer,egitim_kariyer,nano,1215.0,261.33,1.08
ovinso.tr,16,6.3882,0.047478,0.013972,0.128888,0.000921,0.002186,otomotiv,"otomotiv,teknoloji",nano,25.0,4.25,0.08
ozdmirbasak,44,23.1015,0.130564,0.005124,0.158961,0.055648,0.003663,anne_bebek,anne_bebek,nano,592.0,12.08,12.75
ozgeilemisha,61,28.4391,0.181009,0.000343,0.168292,0.084661,0.004284,evcil_hayvan,"evcil_hayvan,anne_bebek",nano,4040.0,298.42,41.67
papatyambaby,23,10.3059,0.068249,0.001269,0.138028,0.009952,0.002219,anne_bebek,"anne_bebek,moda_yasam,taki_aksesuar",mid,142470.0,608.0,150.33
pastatarifleritr,41,25.4051,0.121662,5.5e-05,0.141703,0.112597,0.003808,yemek_mutfak,yemek_mutfak,nano,9586.0,45.5,0.75
patiilina,32,14.0882,0.094955,0.004288,0.150955,0.042721,0.002406,evcil_hayvan,"evcil_hayvan,guzellik_kozmetik,egitim_kariyer",nano,89.0,1211.0,0.75
patilere.acil.yuva,56,28.1111,0.166172,0.000106,0.164543,0.098694,0.004079,evcil_hayvan,"evcil_hayvan,egitim_kariyer",micro,61412.0,93.67,8.0
pedrept,50,25.125,0.148368,9.7e-05,0.160325,0.099563,0.00367,evcil_hayvan,evcil_hayvan,nano,8990.0,206.25,0.42
petgourmet.cl,50,25.125,0.148368,9.7e-05,0.160325,0.099563,0.00367,evcil_hayvan,evcil_hayvan,nano,5532.0,0.0,0.08
pinar_denktas,29,12.4127,0.086053,0.006632,0.141543,0.021151,0.002435,anne_bebek,"anne_bebek,oyuncak_hobi",micro,21620.0,5226.83,68.75
piramitegitim,56,27.7705,0.166172,0.007562,0.164109,0.097382,0.004035,egitim_kariyer,"egitim_kariyer,evcil_hayvan",nano,1527.0,38.58,1.58
pixorize,12,4.875,0.035608,0.003618,0.132349,0.001094,0.001568,fitness_saglik,"fitness_saglik,otomotiv",micro,44897.0,29966.9,13.6
piya_graphy,29,15.2632,0.086053,0.000953,0.139816,0.003295,0.003467,guzellik_kozmetik,"guzellik_kozmetik,otomotiv",nano,115.0,4.17,0.5
poncikbaby.butik,41,19.831,0.121662,0.00179,0.159893,0.036881,0.00348,moda_yasam,"moda_yasam,anne_bebek,evcil_hayvan",nano,32.0,6.25,0.17
potatothepup._,61,28.3205,0.181009,0.0037,0.167606,0.084484,0.004267,evcil_hayvan,"evcil_hayvan,anne_bebek",nano,694.0,24.42,1.92
pozitifbirblog_,8,3.5952,0.023739,0.010624,0.134455,0.007676,0.001186,anne_bebek,"anne_bebek,yemek_mutfak,ev_yasam",nano,1024.0,198.92,1.58
projects.__made_easy,38,22.4065,0.11276,4.7e-05,0.14169,0.040196,0.00352,egitim_kariyer,"egitim_kariyer,ev_yasam",nano,366.0,4.0,0.0
psc_kerala_321,38,22.1429,0.11276,0.001549,0.141266,0.039752,0.003484,ev_yasam,"ev_yasam,egitim_kariyer",nano,1.0,0.71,0.0
psk.dan.ozgeergeneciftci,51,23.0331,0.151335,0.00031,0.155549,0.058416,0.003519,egitim_kariyer,egitim_kariyer,nano,48.0,12.0,0.0
quietpower_channel,22,9.0889,0.065282,0.002523,0.104615,0.000424,0.002775,finans_is,"finans_is,teknoloji",nano,19.0,0.88,0.12
raj_gholap_26,31,12.6948,0.091988,0.027123,0.158337,0.015565,0.002637,otomotiv,"otomotiv,moda_yasam,evcil_hayvan",nano,734.0,119.75,20.17
redgoldensans_,50,25.366,0.148368,0.00535,0.163358,0.10043,0.003702,evcil_hayvan,evcil_hayvan,nano,5195.0,284.0,65.45
reefunitynetwork,20,12.375,0.059347,0.000418,0.124673,0.001573,0.003228,finans_is,finans_is,nano,162.0,11.25,4.25
repensigroup,27,10.625,0.080119,0.000211,0.137675,0.008905,0.002268,guzellik_kozmetik,"guzellik_kozmetik,moda_yasam,anne_bebek",nano,41.0,4.08,1.0
rifki.thesittingcat,56,28.1499,0.166172,0.000106,0.16454,0.098889,0.004084,evcil_hayvan,"evcil_hayvan,egitim_kariyer",nano,6772.0,353.0,32.17
rocdz_,8,3.5,0.023739,9.6e-05,0.101951,3.1e-05,0.001705,oyun_espor,"oyun_espor,teknoloji",mega,1202756.0,47570.0,23469.75
roksanakarasiewicz,28,13.4014,0.083086,0.003063,0.144247,0.005121,0.00293,otomotiv,"otomotiv,guzellik_kozmetik,anne_bebek",nano,2725.0,92.0,9.4
rosa_beauty___1,29,15.3655,0.086053,0.000401,0.14009,0.003319,0.003486,guzellik_kozmetik,"guzellik_kozmetik,otomotiv",nano,152.0,1.17,0.0
rotasizhayatlr,6,2.6382,0.017804,0.0,0.120195,0.004024,0.000988,yemek_mutfak,"yemek_mutfak,seyahat_gezi,oyuncak_hobi",nano,5750.0,556.0,26.5
russian_cream78,56,28.2238,0.166172,0.009714,0.165524,0.09913,0.004094,evcil_hayvan,"evcil_hayvan,egitim_kariyer",nano,54.0,8.33,0.5
sabine.xoxo_,13,5.5,0.038576,0.01291,0.137687,0.008345,0.001623,evcil_hayvan,"evcil_hayvan,fitness_saglik,yemek_mutfak",nano,3251.0,37.0,8.42
saglikci_sayfasi,29,12.25,0.086053,0.00036,0.140574,0.020779,0.002412,anne_bebek,"anne_bebek,oyuncak_hobi",micro,35476.0,21429.67,32.08
sal.paws,21,8.666,0.062315,0.024406,0.151309,0.012244,0.001888,evcil_hayvan,"evcil_hayvan,otomotiv,finans_is",nano,57.0,5.45,0.18
samriddhisdiary,20,12.4278,0.059347,0.000418,0.124709,0.001576,0.00324,finans_is,finans_is,nano,8676.0,216.42,63.08
saninbabybutik,41,19.7353,0.121662,0.000952,0.159424,0.036613,0.003467,anne_bebek,"anne_bebek,moda_yasam,evcil_hayvan",nano,54.0,3.25,0.0
sartino.italy,15,7.9108,0.04451,0.0,0.122289,0.002456,0.002283,moda_yasam,moda_yasam,nano,56.0,-1.0,0.0
sassy.aken,38,22.125,0.11276,4.7e-05,0.141152,0.039736,0.003481,ev_yasam,"ev_yasam,egitim_kariyer",nano,1.0,1.5,0.0
satya.khadka_,15,7.9459,0.04451,0.0,0.122581,0.002419,0.002295,moda_yasam,moda_yasam,nano,4326.0,169.75,18.38
scholarship.plz,38,22.7867,0.11276,0.003386,0.142484,0.04083,0.003572,egitim_kariyer,"egitim_kariyer,ev_yasam",nano,7.0,1.55,0.0
sciencewithjahir,38,22.4211,0.11276,4.7e-05,0.141691,0.040221,0.003522,ev_yasam,"ev_yasam,egitim_kariyer",mid,179486.0,1148.43,9.71
scooter.n.friends,56,28.264,0.166172,0.01451,0.167321,0.099091,0.004101,evcil_hayvan,"evcil_hayvan,egitim_kariyer",nano,1764.0,43.0,4.0
senizmutfak,41,25.3258,0.121662,0.000173,0.141831,0.112222,0.003797,yemek_mutfak,yemek_mutfak,micro,35212.0,145.36,190.91
sergio.valencia.r,15,6.957,0.04451,0.003259,0.125147,0.000698,0.002317,fitness_saglik,"fitness_saglik,moda_yasam",nano,1021.0,16.0,0.0
sevilayovali,51,20.125,0.151335,0.015096,0.146999,0.082617,0.00337,yemek_mutfak,"yemek_mutfak,evcil_hayvan",nano,1273.0,21.58,0.17
sevilennmutfakk,41,25.4038,0.121662,0.0004,0.142137,0.112616,0.003807,yemek_mutfak,yemek_mutfak,nano,5216.0,213.5,21.75
sevvalb.s,51,23.1792,0.151335,0.019682,0.156292,0.058647,0.003539,egitim_kariyer,egitim_kariyer,nano,1078.0,229.75,13.42
shai.learns.japanese,38,22.6058,0.11276,4.7e-05,0.141965,0.040521,0.003547,egitim_kariyer,"egitim_kariyer,ev_yasam",nano,2406.0,123.58,6.58
sharedworldnews,50,25.125,0.148368,9.7e-05,0.160325,0.099563,0.00367,evcil_hayvan,evcil_hayvan,nano,18.0,0.92,1.0
shixuexi,38,22.7076,0.11276,4.7e-05,0.142077,0.040694,0.003561,egitim_kariyer,"egitim_kariyer,ev_yasam",nano,67.0,16.12,0.0
shushucum,41,25.5618,0.121662,0.00061,0.142731,0.11317,0.00383,yemek_mutfak,yemek_mutfak,nano,348.0,44.42,8.0
sikhi_pedia01,4,1.5132,0.011869,0.008778,0.109761,0.000352,0.00118,moda_yasam,"moda_yasam,ev_yasam,seyahat_gezi",nano,2.0,0.17,0.17
siliconbeachstories,20,12.4556,0.059347,0.003509,0.124787,0.001577,0.003247,finans_is,finans_is,nano,57.0,14.0,0.08
sinaptikbosluuk,38,22.612,0.11276,4.7e-05,0.142257,0.040555,0.003548,egitim_kariyer,"egitim_kariyer,ev_yasam",nano,5.0,3.0,0.0
sinem.direkk,37,15.7938,0.109792,0.022534,0.158441,0.021431,0.003015,anne_bebek,"anne_bebek,otomotiv",nano,1409.0,30609.62,21.0
sinemuzunbeslenme,11,4.916,0.032641,0.0,0.103635,0.000524,0.001492,guzellik_kozmetik,guzellik_kozmetik,nano,1316.0,33.67,2.5
siskonyazilimveotomasyon,10,4.0,0.029674,0.002129,0.125911,0.001002,0.001427,otomotiv,"otomotiv,taki_aksesuar",nano,1076.0,37.92,0.0
skinnyskinnypankokitty,56,28.0006,0.166172,0.000106,0.164424,0.098329,0.004065,evcil_hayvan,"evcil_hayvan,egitim_kariyer",nano,5801.0,187.5,2.17
solay_skincare,29,15.3814,0.086053,0.007361,0.14061,0.003331,0.003489,guzellik_kozmetik,"guzellik_kozmetik,otomotiv",nano,319.0,19.4,7.4
sscaieeee,29,15.3787,0.086053,0.000401,0.140092,0.003321,0.003489,guzellik_kozmetik,"guzellik_kozmetik,otomotiv",unknown,,1.17,0.0
staffen_ali,22,10.2433,0.065282,0.004667,0.141247,0.001335,0.00309,oyuncak_hobi,"oyuncak_hobi,otomotiv",nano,3879.0,-1.0,33.58
stillsamewith_april,38,22.5778,0.11276,4.7e-05,0.141935,0.040479,0.003543,ev_yasam,"ev_yasam,egitim_kariyer",nano,3.0,1.0,0.0
studio_only,7,2.8882,0.020772,0.000913,0.133262,0.003408,0.000986,fitness_saglik,"fitness_saglik,evcil_hayvan,taki_aksesuar",nano,4355.0,1.88,2.25
studio_scrap_,25,9.7632,0.074184,0.012494,0.119344,0.013715,0.002173,ev_yasam,ev_yasam,nano,9917.0,279.25,1.38
studiopari.co,35,15.566,0.103858,0.001309,0.157121,0.032715,0.002829,oyuncak_hobi,"oyuncak_hobi,evcil_hayvan,anne_bebek",nano,134.0,-1.0,1.5
studyconkris,54,24.8315,0.160237,0.074254,0.160099,0.060936,0.003852,egitim_kariyer,"egitim_kariyer,ev_yasam,evcil_hayvan",nano,649.0,40.5,0.83
stuntmanbrick,13,5.5742,0.038576,0.009856,0.126936,0.00021,0.002045,oyuncak_hobi,"oyuncak_hobi,ev_yasam,otomotiv",micro,23450.0,1153.62,13.88
subhamsocial,28,12.291,0.083086,0.00418,0.155801,0.017885,0.002468,otomotiv,"otomotiv,egitim_kariyer",nano,399.0,23.42,0.75
success_academy_portugal,30,13.8929,0.089021,0.017805,0.132909,0.021656,0.002451,egitim_kariyer,"egitim_kariyer,ev_yasam,finans_is",nano,167.0,6.17,2.0
talihaninmutfagi,41,25.3185,0.121662,6.1e-05,0.141933,0.112165,0.003797,yemek_mutfak,yemek_mutfak,micro,21110.0,-1.0,26.36
tariffdefterinizzz,41,25.5195,0.121662,0.000258,0.142278,0.113077,0.003823,yemek_mutfak,yemek_mutfak,mid,257228.0,304.83,2.33
tarihdukkani_,51,23.0681,0.151335,0.00329,0.155599,0.058488,0.003524,egitim_kariyer,egitim_kariyer,nano,68.0,11.0,0.0
technix_legocar,16,6.7168,0.047478,0.01649,0.131355,0.000301,0.002375,oyuncak_hobi,"oyuncak_hobi,otomotiv,teknoloji",nano,21.0,4.25,0.0
telefonhub_,7,2.6382,0.020772,0.002115,0.107719,5.1e-05,0.001395,teknoloji,"teknoloji,taki_aksesuar",nano,13.0,4.0,0.0
telve_i_letaif,41,25.2324,0.121662,0.000677,0.141167,0.111843,0.003785,yemek_mutfak,yemek_mutfak,nano,163.0,19.0,0.5
telveli.kahvem68,41,25.5733,0.121662,0.005133,0.142896,0.113235,0.00383,yemek_mutfak,yemek_mutfak,nano,5381.0,556.67,24.42
teodora.dan,22,9.5674,0.065282,0.007476,0.148406,0.002226,0.002558,moda_yasam,"moda_yasam,otomotiv",mid,132255.0,1103.83,37.92
the.sayan10_,24,9.8889,0.071217,0.002969,0.14433,0.032458,0.002031,evcil_hayvan,"evcil_hayvan,taki_aksesuar",nano,1176.0,27458.71,127.57
theazurcat,33,14.8116,0.097923,0.012423,0.156243,0.044384,0.002581,evcil_hayvan,"evcil_hayvan,egitim_kariyer,taki_aksesuar",nano,134.0,8.75,0.5
theinvestorsassociation,16,6.8882,0.047478,0.009354,0.144901,0.007166,0.001674,finans_is,"finans_is,egitim_kariyer,otomotiv",nano,1011.0,30.83,0.42
tiny.clubb,45,20.4166,0.133531,0.002729,0.14875,0.02786,0.003833,anne_bebek,"anne_bebek,moda_yasam",nano,9265.0,24.0,0.83
tokengaymer,14,6.6959,0.041543,0.001983,0.122801,0.000195,0.002446,oyun_espor,"oyun_espor,oyuncak_hobi,otomotiv",nano,2000.0,27.83,6.17
tomh.p,36,15.75,0.106825,0.002901,0.157203,0.007366,0.003729,otomotiv,otomotiv,mid,121391.0,4379.75,14.83
tonyriccio_bricks,22,8.9756,0.065282,0.030218,0.142945,0.001411,0.002686,oyuncak_hobi,"oyuncak_hobi,otomotiv,moda_yasam",nano,5810.0,194.33,14.75
toribridgwaters,4,1.6691,0.011869,0.003109,0.105691,0.000357,0.001366,ev_yasam,"ev_yasam,fitness_saglik,dekorasyon_mobilya",nano,56.0,8.33,0.67
toscanoracing,36,15.7771,0.106825,0.002901,0.15752,0.00738,0.003734,otomotiv,otomotiv,nano,2094.0,80.67,2.17
tsukialeigh,38,22.4436,0.11276,4.7e-05,0.141694,0.04026,0.003525,egitim_kariyer,"egitim_kariyer,ev_yasam",nano,53.0,0.88,1.0
tuecoffee.tr,41,25.2499,0.121662,0.00304,0.141707,0.11189,0.003787,yemek_mutfak,yemek_mutfak,nano,345.0,46.83,0.0
turkmen_kiyafet,41,19.6487,0.121662,0.000993,0.16072,0.036405,0.003455,moda_yasam,"moda_yasam,anne_bebek,evcil_hayvan",nano,22.0,7.33,1.5
udrescueduard,20,12.4252,0.059347,0.000418,0.124745,0.001575,0.00324,finans_is,finans_is,nano,2866.0,121.92,8.42
ugc.rachaelb,29,15.4017,0.086053,0.000401,0.140509,0.003331,0.003493,guzellik_kozmetik,"guzellik_kozmetik,otomotiv",nano,107.0,9.86,0.57
upscalerts,20,12.3882,0.059347,0.000418,0.124674,0.001574,0.003231,finans_is,finans_is,mid,221682.0,47182.0,145.58
urunyacom,28,12.1379,0.083086,0.008667,0.145032,0.011973,0.002536,anne_bebek,"anne_bebek,moda_yasam,oyuncak_hobi",nano,440.0,42.08,2.17
uzm.dr.zivareldarova,36,15.75,0.106825,0.002901,0.157203,0.007366,0.003729,otomotiv,otomotiv,micro,22304.0,3530.45,35.55
vavbabytr,41,19.8735,0.121662,0.01519,0.1599,0.036859,0.003488,anne_bebek,"anne_bebek,moda_yasam,evcil_hayvan",micro,13946.0,23.42,0.75
veronellimakarna,37,15.125,0.109792,0.002206,0.136661,0.054211,0.002934,yemek_mutfak,"yemek_mutfak,oyuncak_hobi",micro,60601.0,249.67,1155.67
villainousitalia,14,6.6813,0.041543,0.001983,0.1228,0.000195,0.002441,oyun_espor,"oyun_espor,oyuncak_hobi,otomotiv",nano,2880.0,202.83,8.42
vitals.and.void,38,22.4635,0.11276,4.7e-05,0.141939,0.040292,0.003528,ev_yasam,"ev_yasam,egitim_kariyer",nano,34.0,2.5,0.0
vodafonekocyigit,8,3.5278,0.023739,0.01681,0.129766,0.004006,0.001282,yemek_mutfak,"yemek_mutfak,teknoloji,oyuncak_hobi",nano,1104.0,0.67,0.0
voicesof_theoppressed,44,22.916,0.130564,6e-05,0.156563,0.05518,0.003637,anne_bebek,anne_bebek,micro,69300.0,15931.0,111.25
volateality,42,15.9371,0.124629,0.02691,0.121594,0.050168,0.003059,finans_is,"finans_is,yemek_mutfak",micro,15780.0,13888.08,61.25
woofiesrestonherndon,40,17.8882,0.118694,0.002065,0.166511,0.043957,0.003132,evcil_hayvan,"evcil_hayvan,otomotiv",nano,945.0,15.58,1.58
wymondhamcollege,50,25.125,0.148368,9.7e-05,0.160325,0.099563,0.00367,evcil_hayvan,evcil_hayvan,nano,3195.0,130.25,0.25
yaprakdoener.remscheid,17,7.5132,0.050445,0.005843,0.13776,0.004273,0.002358,oyuncak_hobi,oyuncak_hobi,nano,109.0,31.42,0.67
yazilimdaily,29,15.3174,0.086053,0.009537,0.139967,0.003296,0.00348,guzellik_kozmetik,"guzellik_kozmetik,otomotiv",nano,38.0,44.0,3.6
yelken.akademi,51,23.1152,0.151335,0.00031,0.155263,0.058611,0.00353,egitim_kariyer,egitim_kariyer,nano,329.0,12.5,0.0
yet.akademi,51,23.2211,0.151335,0.00625,0.156428,0.058811,0.003544,egitim_kariyer,egitim_kariyer,nano,1654.0,331.5,8.17
yhcosmetologa,29,15.25,0.086053,0.000401,0.139736,0.003292,0.003464,otomotiv,"otomotiv,guzellik_kozmetik",nano,206.0,8.5,0.0
yildizlarkulup,32,12.9489,0.094955,0.01805,0.155286,0.030493,0.002197,anne_bebek,"anne_bebek,egitim_kariyer",nano,2194.0,620.0,1.83
zeyyucarr,28,11.9744,0.083086,0.020096,0.158964,0.029961,0.002225,anne_bebek,"anne_bebek,ev_yasam,evcil_hayvan",nano,428.0,22.33,9.83
zonadedrs_,36,15.7926,0.106825,0.017455,0.158031,0.007392,0.003736,otomotiv,otomotiv,micro,19006.0,597.5,10.0
