username,component_id,source_type,source_file,posts,followers,follower_segment,avg_likes,avg_comments,categories,primary_category,top_hashtags,account_type,account_confidence,creator_score,business_score,media_score
1gezi_1kahve,1,profile_scrape,scrape_1776936742.json,12,12125.0,micro,1393.0,27.83,yemek_mutfak,yemek_mutfak,"keşfet,kaydetkesfeteduselim🙏🏻✔️🙏🏻⃣*⃣⃣*⃣⃣*⃣⃣*⃣⃣*⃣⃣*⃣⃣*⃣⃣*⃣⃣*⃣⃣*⃣⃣,keşfetteyiz,fyp,kesfet,kahvesunumları,keşfetteyim,keşfetteyizzz,keşfetedüş,kahvekeyfi",creator,0.83,1.4,0.0,0.0
7.taetae,1,profile_scrape,scrape_1776937431.json,12,7165.0,nano,9.25,2.08,"ev_yasam,egitim_kariyer",ev_yasam,"공스타,공스타그램,공시생,study,studygram",creator,0.77,1.1,0.0,0.0
__m_arco____._,1,profile_scrape,scrape_1776937431.json,12,976.0,nano,52.58,51.0,"otomotiv,moda_yasam,anne_bebek",otomotiv,"explore,like,instagram,love,instagood,life,trending,style,viral,photography",creator,0.83,1.4,0.0,0.0
_echec_et_maths_,1,profile_scrape,scrape_1776868866.json,6,29923.0,micro,40.0,1.5,"ev_yasam,egitim_kariyer",ev_yasam,"physique,logarithme,formule,maths,tips,science,synthese,reussir,studygram,mathlovers",creator,0.77,1.1,0.3,0.0
aajjmale_,1,profile_scrape,scrape_1776872304.json,6,373.0,nano,113.0,1.67,"yemek_mutfak,ev_yasam,dekorasyon_mobilya",yemek_mutfak,"selflove❤️,womenempowerment,selfrespect,confidence,bollywoodmovie,food,foodie,homelyfood,home,comfortfood",creator,0.83,1.4,0.0,0.0
afacankirtasiye19,1,profile_scrape,scrape_1776868866.json,6,74.0,nano,3.0,0.0,"oyuncak_hobi,ev_yasam",oyuncak_hobi,"keşfetteyim,fyp,kirtasiye,keşfet,corum,toys,keşfetteyizzz,toy,bubbles,bubbler",creator,0.75,1.0,0.0,0.0
ahmetbulentcanli,1,profile_scrape,scrape_1776936742.json,12,95.0,nano,2.08,0.0,egitim_kariyer,egitim_kariyer,"yks,başakşehir,lgs,basaksehir,üniversitehazırlık,ykshazırlık,lisehazırlık,yks2026,lgs2026,tyt",creator,0.83,1.4,0.0,0.0
akash_singha_12,1,profile_scrape,scrape_1776937431.json,12,2458.0,nano,233.75,59.58,"finans_is,seyahat_gezi",finans_is,"assam,fypシ❤️💞❤️,likeback,supportmefrnds❤️__________________follow,zubeengarg,ａｓｔｈｅｔｉｃ,instamood,anand,duyf,dibrugarhuniversity",creator,0.75,1.0,0.0,0.0
alexadcloset,1,profile_scrape,scrape_1776872304.json,12,47802.0,micro,4889.5,14.08,guzellik_kozmetik,guzellik_kozmetik,"alexademie,alexademiecloset,alexademieedit,alexademiemakeup,euphoria",creator,0.83,1.4,0.0,0.0
aliwahxz,1,profile_scrape,scrape_1776869777.json,2,4004.0,nano,278.5,40.0,finans_is,finans_is,"hto,leads,money,business,personalbranding",creator,0.75,1.0,0.0,0.0
alphonse_the_british,1,profile_scrape,scrape_1776937431.json,8,5.0,nano,4.25,0.0,"evcil_hayvan,egitim_kariyer",evcil_hayvan,"cat,catgram,catlife,catsofinstagram,britishshorthair,funnykitten,british,britishshortair,chaton,instagram",creator,0.83,1.4,0.0,0.0
altintaskirtasiye,1,profile_scrape,scrape_1776869679.json,11,1090.0,nano,94.73,0.36,"ev_yasam,oyuncak_hobi",ev_yasam,"kırtasiye,serve,harrypotter,harrypotter⚡️,hediye,kalem,reels,okul,hotflowers,sevgi̇",creator,0.75,1.0,0.0,0.0
ana_fikirler,1,profile_scrape,scrape_1776937104.json,12,1118.0,nano,41.08,25.0,evcil_hayvan,evcil_hayvan,"annelik,balıkçı,çocukluhayat,huzur❤️,balıkavı,olta,balik,hayatgüzeldir,içses,sakin",creator,0.75,1.0,0.0,0.0
ankmedipolybs,1,profile_scrape,scrape_1776936742.json,12,587.0,nano,35.83,1.42,teknoloji,teknoloji,"AnkaraMedipol,teknoloji,yönetimbilişimsistemleri,ybs,ybstopluluğu,YBS,YönetimBilişimSistemleri,ankaramedipol,yapayzeka,girişimcilik",creator,0.75,1.0,0.0,0.0
ankurdwrh,1,profile_scrape,scrape_1776872304.json,12,1601.0,nano,98.42,11.75,"fitness_saglik,moda_yasam,seyahat_gezi",fitness_saglik,"explorepage,gymrat,fypppppppppppppppppppppppppppppppppppppppppppppppppppppppppppppppppppppp,explore,like4like,gymmotivation,gymlife,fyp,lifestyle,gym",creator,0.83,1.4,0.0,0.0
annelikruhumda_,1,profile_scrape,scrape_1776937266.json,12,83207.0,micro,39789.42,319.67,anne_bebek,anne_bebek,"annebebek,anneyiz,anneolmak,etkinlik,evlat,zekagelişimi,anne,erkekbebek,zekaoyunları,annebaba",creator,0.75,1.0,0.0,0.0
anneolmayolunda,1,profile_scrape,scrape_1776936742.json,12,18.0,nano,1.92,0.0,anne_bebek,anne_bebek,"hamileanneler,bebekgelişimi,anneolmak,gebelikbeslenmesi,gebelik,hamilelik,annelik,hamilelikrehberi,anneoluyorum,reelskeşfet",creator,0.75,1.0,0.0,0.0
annevebebek2025,1,profile_scrape,scrape_1776937266.json,12,12059.0,micro,3768.33,27.25,"anne_bebek,evcil_hayvan",anne_bebek,"annelik,yenidoğan,bebekbakımı,hamilelik,gebelik,bebekgelişimi,anneler,ekgıda,annelerbilir,annebebek",creator,0.85,1.5,0.0,0.0
anodos.patra,1,profile_scrape,scrape_1776869679.json,12,289.0,nano,26.83,0.17,"egitim_kariyer,ev_yasam,teknoloji",egitim_kariyer,"AnodosPatra,FrontistirioAnodos,PomodoroTechnique,StudyHacks,StudySmart,Focus,Πανελλήνιες2026,StudyVibes,AnodosLearning,Organization",creator,0.83,1.4,0.0,0.0
apogeewp1,1,profile_scrape,scrape_1776937431.json,12,55.0,nano,18.17,0.0,finans_is,finans_is,"apogeewp,personalfinance,financialplanning,wealthmanagement,fiduciary,assetmanagement,financialadvisor,investmentadvisor,retirement,investing",creator,0.75,1.0,0.0,0.0
areh.studies,1,profile_scrape,scrape_1776868726.json,8,107.0,nano,14.0,0.75,"egitim_kariyer,ev_yasam,kitap_kultur",egitim_kariyer,"studygram,studymotivation,studykoreanwithme,koreanlanguage,koreanstudy,koreanstudygram,korean,koreanlanguagehouse,ttmik,myfirst500koreanwords",creator,0.93,1.9,0.0,0.0
aslankidss_,1,profile_scrape,scrape_1776937266.json,12,74.0,nano,15.25,0.0,"moda_yasam,anne_bebek,taki_aksesuar",moda_yasam,"keşfetteyim,keşfet,bebek,kızcocukkıyafetleri,reels,bebekayakkabı,cocukmodası,izmir,erkekmodası,erkekcocukgiyim",creator,0.83,1.4,0.0,0.0
asliglbaz,1,profile_scrape,scrape_1776936742.json,12,417.0,nano,110.0,10.17,"anne_bebek,yemek_mutfak",anne_bebek,"momanddaughter,annebebek,aile,baby,ai̇le,keşfet,bebeklihayat,babygirls,kesfet,evlilik",creator,0.83,1.4,0.0,0.0
asralfotografcilik,1,profile_scrape,scrape_1776936742.json,12,4276.0,nano,90.0,3.75,"otomotiv,evcil_hayvan,anne_bebek",otomotiv,"bodrumyenidoğanfotoğrafçısı,milasbebekfotoğrafçısı,bodrumdoğumfotoğrafçısı,milasyenidoğançekimi,yenidoğançekimi,annelik,maternityshoot,bodrumbebekfotoğrafçısı,bodrumfotografci,yenidoğan",creator,0.85,1.5,0.0,0.0
assets.and.interests,1,profile_scrape,scrape_1776868726.json,8,10.0,nano,2.75,0.12,finans_is,finans_is,"stockmarketnews,marketupdate,investing,finance,stockmarkets,stockmarket",creator,0.75,1.0,0.3,0.4
atomy.busranur,1,profile_scrape,scrape_1776868726.json,8,31.0,nano,3.75,0.75,"guzellik_kozmetik,oyuncak_hobi,evcil_hayvan",guzellik_kozmetik,"Atomy,KBeauty,reklamdeğil,BBCream,GuneyKoreKozmetik,AtomyRutinim,Kbeauty,KoreCilt,REKLAMDEĞİL,DogalMakyaj",creator,0.93,1.9,0.3,0.0
avm.sepetim,1,profile_scrape,scrape_1776937431.json,12,125.0,nano,6.33,0.17,"evcil_hayvan,otomotiv",evcil_hayvan,"avmsepetim,website,alışveris,guvenli,elekronik,web,shoppingonline,online,bluetooth,eti̇caret",creator,0.75,1.0,0.3,0.0
awsservitecgmbh,1,profile_scrape,scrape_1776868726.json,8,8.0,nano,1.62,0.12,ev_yasam,ev_yasam,"cleaning,waschanlage,reinigung,reinigen,vorhernacher,spassbeiderarbeit,superteam,rollgerüstaufbau,supermitarbeiter,putzen",creator,0.75,1.0,0.0,0.0
ayda_atolye,1,profile_scrape,scrape_1776936742.json,12,1295.0,nano,26.75,0.83,"evcil_hayvan,yemek_mutfak,oyuncak_hobi",evcil_hayvan,"amigurumi,yenidoganhediyesi,amigurumitarifleri,uykuarkadaşı,amigurumidoll,amigurumiaslan,parmakkukla,amigurumipatterns,sidtarifi,buzdevri",creator,0.95,2.4,0.0,0.0
aylin_yaykin,1,profile_scrape,scrape_1776869777.json,10,837.0,nano,-1.0,41.2,anne_bebek,anne_bebek,"annelik,oğlum,momhumor,1yaş,babaoğul,fypシ゚viralシfypシ゚,evlat,yaramazcocuk,bebekakımları,hamile",creator,0.75,1.0,0.0,0.0
ayora.candles,1,profile_scrape,scrape_1776937266.json,12,627.0,nano,33.17,409.17,"oyuncak_hobi,dekorasyon_mobilya,evcil_hayvan",oyuncak_hobi,"elyapımı,soyawax,tasarımmum,evdekorasyonu,mumtasarımı,soyamumu,küçükişletme,dekorasyon,portakalmumu,huzur",creator,0.75,1.0,0.0,0.0
aysegulkibarr,1,profile_scrape,scrape_1776869436.json,6,278.0,nano,17.33,6.0,"evcil_hayvan,oyuncak_hobi,egitim_kariyer",evcil_hayvan,"kedisahiplendirme,satinalmasahi̇plen,kedi,i̇stanbulkedisahiplendirme,sahiplendirme,kediyuvalandırma,samsunkedisahiplendirme,tekir,tekirkedi,tekirish",creator,0.83,1.4,0.0,0.0
babylabstudio,1,profile_scrape,scrape_1776869777.json,1,1154.0,nano,23.0,2.0,"anne_bebek,egitim_kariyer,otomotiv",anne_bebek,"bebekstüdyoçekim,1yas,keşfetteyiz,konyabebekfotoğrafçısı,konyabebekçekimi",creator,0.83,1.4,0.0,0.0
badematay,1,profile_scrape,scrape_1776937691.json,6,82.0,nano,32.5,0.83,"evcil_hayvan,egitim_kariyer",evcil_hayvan,"kedi,pati,cat,badem,patilidostum,patilidostlar,kediaşkı",creator,0.83,1.4,0.0,0.0
baharatascakir,1,profile_scrape,scrape_1776872304.json,12,374.0,nano,65.33,3.83,anne_bebek,anne_bebek,"instababy,annebebek,keşfet,instamood,baby,instamoment,babylove,insta,instagood,instalike",creator,0.75,1.0,0.0,0.0
bala_tech_0007,1,profile_scrape,scrape_1776937431.json,12,50329.0,micro,17108.92,983.17,teknoloji,teknoloji,"tech,techtamil,instagram,viral,Tech_withh_Bala,prank,mobile,secure,couple,whatsapp",creator,0.75,1.0,0.0,0.0
balon_sepeti,1,profile_scrape,scrape_1776936742.json,12,676.0,nano,10.42,1.25,"oyuncak_hobi,evcil_hayvan,anne_bebek",oyuncak_hobi,"ankarahediye,hediye,ankarahediyelik,yenidoğan,yenidogan,hediyeönerisi,ankaraçiçek,hediyekutusu,ankaraciceksiparişi,hediyefikirleri",creator,0.85,1.5,0.0,0.0
baytunagrup,1,profile_scrape,scrape_1776936742.json,3,48.0,nano,15.0,0.0,teknoloji,teknoloji,"BaytunaGroup,SağlıktaGüven,EndüstrideGüç,Mühendislik,Üretim,Teknoloji,Yatırım,Sanayi,İnovasyon,Gelecek",creator,0.75,1.0,0.0,0.0
bdk_bund,1,profile_scrape,scrape_1776872304.json,12,1338.0,nano,32.83,2.67,yemek_mutfak,yemek_mutfak,"bdk,bunddeutscherkriminalbeamter,berufsverbandderkriminalpolizei,strafverfolgung,geldwäsche,bundesvorstand,sitzung,pks,statistik,tarif",creator,0.93,1.9,0.0,0.0
bdyuluslararasigida,1,profile_scrape,scrape_1776869679.json,11,2027.0,nano,56.27,0.0,yemek_mutfak,yemek_mutfak,"dosavio,kahve,coffee,espresso,premiumcoffee,horeca,bdyuluslararasigida,isletmekahvesi,eksimayalipizza,elacmasipizza",creator,0.83,1.4,0.0,0.0
beautybyeylull,1,profile_scrape,scrape_1776790071.json,6,83.0,nano,7.5,0.0,guzellik_kozmetik,guzellik_kozmetik,"kocaeligüzellikmerkezi,kocaeli̇,ciltbakimi,hydrafacialciltbakımı,kesfet,kirpiklifting,guzellikmerkezi,keşfetteyizzz,kesfetteyiz,keșfet",creator,0.83,1.4,0.3,0.0
bebegim.icin7,1,profile_scrape,scrape_1776937266.json,2,2.0,nano,2.0,0.0,"anne_bebek,yemek_mutfak",anne_bebek,"bebek,annevebebek,keşfet,hamilelik,bebekgeliyor,kahveveumut,gününnotu,hergünbirmucize,3KişilikBirAile,aileolmak",creator,0.83,1.4,0.0,0.0
bebekvari,1,profile_scrape,scrape_1776937104.json,11,1022.0,nano,76.45,0.55,anne_bebek,anne_bebek,"hamilelik,annelik,gebelik,bebeğim,anneoluyorum,hamilelikgünlüğü,bebekbeklerken,gebelikserüveni”,1trimester,hamilelikbeslenmesi",creator,0.75,1.0,0.0,0.0
bee.artisan.qc,1,profile_scrape,scrape_1776868726.json,8,26.0,nano,0.75,1.5,"oyuncak_hobi,otomotiv,finans_is",oyuncak_hobi,"madetoorder,musthave,wishlist,creativesoul,artisan,supportsmallbusiness,handmadecrafts,diy,quebecartisan,handmadecanada",creator,0.75,1.0,0.0,0.0
beko_kayaoglu,1,profile_scrape,scrape_1776869679.json,11,808.0,nano,246.64,0.82,yemek_mutfak,yemek_mutfak,"inegöl,Beko,kampanya,indirim,fırsat,beko,bekokayaoğlu,kahvemakinesi,türkkahvesi,mutfak",creator,0.83,1.4,0.0,0.0
bela._.aura,1,profile_scrape,scrape_1776868726.json,5,40.0,nano,8.2,0.2,"guzellik_kozmetik,otomotiv",guzellik_kozmetik,"autocuidado,autoestima,feminino,esfoliaçãocorporal,pelemacia,cheirinbão,skincareroutine,faixadecabelo,produtos,gloss",creator,0.93,1.9,0.0,0.0
bento.lola_,1,profile_scrape,scrape_1776937266.json,9,23.0,nano,10.78,1.89,evcil_hayvan,evcil_hayvan,"pet,luludapomerânia,spitzalemão,luludapomeraniaanao,spitzalemaoanao,amorporquatropatas",creator,0.75,1.0,0.0,0.0
berilybaby,1,profile_scrape,scrape_1776937266.json,12,39.0,nano,3.75,0.0,"anne_bebek,moda_yasam,evcil_hayvan",anne_bebek,"bebekmodası,kızbebek,bebekkıyafeti,yenidoğan,organikpamuk,bebekgiyim,bayramkombini,çocukgiyim,hastaneçıkışı,bebekhediyesi",creator,0.95,2.4,0.0,0.0
beyzadeecicek,1,profile_scrape,scrape_1776936742.json,12,150.0,nano,13.75,0.0,anne_bebek,anne_bebek,"isteme,fypppppppppppppppppppppppppppppppppppppppppppppppppppppppppppppppppppppp,nişan,keşfetedüş,söz,gelin,keşfetteyim,fyp,fypage,bebek",creator,0.75,1.0,0.0,0.0
bikiandchonk,1,profile_scrape,scrape_1776868726.json,8,97.0,nano,10.5,0.88,"evcil_hayvan,egitim_kariyer",evcil_hayvan,"cat,cats,cats_of_instagram,cute,pets,catsofinstagram,boycat,kitty,tuxedocat,cutecat",creator,0.83,1.4,0.0,0.0
bilkentalks,1,profile_scrape,scrape_1776936742.json,12,2404.0,nano,30.08,8.17,finans_is,finans_is,"BilkentTalks,Bilkent,GirişimİnovasyonZirvesi,Innovation,networking,Entrepreneurship,İnovasyon,inovasyon,Nestle,AIESEC",creator,0.75,1.0,0.0,0.0
bioexatas.ms,1,profile_scrape,scrape_1776937691.json,12,4053.0,nano,150.33,10.92,"ev_yasam,egitim_kariyer",ev_yasam,"bioexatasms,vestibular,vestibulando,estudos,medicina,cursinho,vestibulares,redacao,foco,studygram",creator,0.93,1.9,0.0,0.0
birazannebirazkaos,1,profile_scrape,scrape_1776869436.json,5,15.0,nano,7.6,2.8,anne_bebek,anne_bebek,"bebek,kesfetteyiz🙏🏻,yenianne,annelik,hamilelik,annehayatı,anne,ergen",creator,0.75,1.0,0.0,0.0
bizimbebekgunlugu,1,profile_scrape,scrape_1776872304.json,12,510.0,nano,683.33,8.75,"anne_bebek,evcil_hayvan",anne_bebek,"annebebek,bebek,emzirenanne,yenidogan,anne,keşfet,calisananne,bebekurunleri,emzirenanneler,yenidoğan",creator,0.85,1.5,0.0,0.0
bloggwithmom,1,profile_scrape,scrape_1776937104.json,12,586.0,nano,1310.5,61.17,"anne_bebek,yemek_mutfak",anne_bebek,"keşfet,fypagee❤️❤️,akımvideoları,babyboy,temizlikzamanı,komikpaylaşımlar,temizliktuyoları,türkkahvesi,sunumadairherşey,temizlikönerileri",creator,0.83,1.4,0.0,0.0
bodoge_shitamura,1,profile_scrape,scrape_1776869436.json,6,173.0,nano,2.67,0.0,"oyuncak_hobi,oyun_espor",oyuncak_hobi,"ボドゲは人生の勝利点,ボードゲーム好きと繋がりたい,Boardgamesarethevictorypointsoflife,ボドゲ,boardgame,マレンゴ,TriompheàMarengo,フリードマンフリーゼ,FriedemannFriese,NestoreMangone",creator,0.75,1.0,0.3,0.0
bonbon.balon,1,profile_scrape,scrape_1776936742.json,12,397.0,nano,31.75,1.92,evcil_hayvan,evcil_hayvan,"boboballoon,bobobalon,bobobalontasarımı,kesfet,yenidogan,balloons,bobobalonyapımı,boboballoons,dogumgunu,dogumgünü",creator,0.85,1.5,0.0,0.0
buabroad,1,profile_scrape,scrape_1776790071.json,8,6099.0,nano,43.5,2.88,"egitim_kariyer,ev_yasam,seyahat_gezi",egitim_kariyer,"studyabroad,travel,terriersabroad,studyoverseas,internationalstudents,studygram,studyabroadlife,goabroad,exchangeprogram,adventure",creator,0.77,1.1,0.0,0.0
byaslanhoca,1,profile_scrape,scrape_1776872304.json,12,243.0,nano,29.83,1.92,egitim_kariyer,egitim_kariyer,"TYT,AYT,YKS,MSÜ,sinav,üniversite,tercih,ogrencikocluğu,LGS,aslanhoca2023",creator,0.83,1.4,0.0,0.0
callystavodafone4,1,profile_scrape,scrape_1776937266.json,12,203.0,nano,4.17,0.0,oyuncak_hobi,oyuncak_hobi,"5g,diyarbakır,vodafone,telefon,5guyumlucihazlar,redbox,akıllısaat,dijitalsaat,telefona,akillisaat",creator,0.75,1.0,0.0,0.0
cat_dogloversofficial,1,profile_scrape,scrape_1776937431.json,12,5631.0,nano,18.83,2.5,"evcil_hayvan,egitim_kariyer",evcil_hayvan,"sevgi,dog,köpek,kedi,cat,23nisanulusalegemenlikveçocukbayramıkutluolsun",creator,0.93,1.9,1.2,0.0
cayeli.evmeze,1,profile_scrape,scrape_1776936742.json,7,99.0,nano,17.14,0.0,yemek_mutfak,yemek_mutfak,"tarif,yemek,evyemekleri,benikeşfet,rize,çayeli,lezzet,meze,elyapımı,beniöneçikart",creator,0.93,1.9,0.0,0.0
cb.ayseyurtsever,1,profile_scrape,scrape_1776937691.json,12,574.0,nano,14.58,0.33,evcil_hayvan,evcil_hayvan,"gayrimenkul,yatirim,gayrimenkuldanışmanı,bursasatılıkdaire,coldwellbankertürkiye,satılıkdaire,yatırım,emlak,alsatkirala,Bursa",creator,0.75,1.0,0.0,0.0
cekirdekrehberlik,1,profile_scrape,scrape_1776936742.json,7,301.0,nano,64.43,22.86,egitim_kariyer,egitim_kariyer,"yks,yks2026,YKS2026,LGS2026,lgs,sınavkoçluğu,SınavKoçluğu,egitim,lgs2026,mentorluk",creator,0.83,1.4,0.0,0.0
celebrationstudio.ie,1,profile_scrape,scrape_1776937104.json,12,1166.0,nano,24.83,1.83,dekorasyon_mobilya,dekorasyon_mobilya,"BalloonDecor,EventDecor,PartyDecor,BabyLove,CustomDecor,LuxuryDecor,EventStyling,NewbornBaby,WelcomeBaby,BabyGiftIdeas",creator,0.75,1.0,0.0,0.0
cflmun,1,profile_scrape,scrape_1776936742.json,12,581.0,nano,27.83,2.25,finans_is,finans_is,"cflmun,mun,keşfet,corlu,delegate,delegation,çorlu,keşfetteyim,press,keşfetteyiz",creator,0.75,1.0,0.0,0.0
chovancova_viktoria,1,profile_scrape,scrape_1776872304.json,12,43331.0,micro,5102.5,34.58,"fitness_saglik,yemek_mutfak",fitness_saglik,"fyp,running,prague,food,viral,fitness,reminder,hyrox,hyroxtraining,vlog",creator,0.93,1.9,0.0,0.0
christian.and.catherine,1,profile_scrape,scrape_1776868866.json,6,1274.0,nano,7.0,0.17,"guzellik_kozmetik,otomotiv,evcil_hayvan",guzellik_kozmetik,"christiancatherine,skincare,serum,bodycare,happyeaster,easter,GreekBeautyBrand,facecare,faceserum,haircare",creator,0.77,1.1,0.0,0.0
ciaocane.spa,1,profile_scrape,scrape_1776868726.json,8,804.0,nano,26.0,2.5,evcil_hayvan,evcil_hayvan,"dog,grooming,spadog,pomeranian,kraków,foryou,pies,maltańczyk,maltańczykipolska,krakow",creator,0.85,1.5,0.0,0.0
clair_glow,1,profile_scrape,scrape_1776868866.json,6,38.0,nano,0.17,0.0,"guzellik_kozmetik,otomotiv,evcil_hayvan",guzellik_kozmetik,"ClairGlow,Vacation,MilkyCleanser,Hydration,GentleSkincare,TeamCleanGirl,SkincareVibes,GenZEgypt,CommentGame,ContentVote",creator,0.77,1.1,0.0,0.0
clubpilates.sandy,1,profile_scrape,scrape_1776790071.json,2,1701.0,nano,8.5,5.0,fitness_saglik,fitness_saglik,"clubpilates,clubpilatessandy,sandyutah,pilates,reformerpilates,dopilatesdolife,PilatesStrong,health,wellness,fitness",creator,0.95,2.4,0.0,0.0
cocukgiyimevicom,1,profile_scrape,scrape_1776869679.json,12,19465.0,micro,2.67,0.25,"anne_bebek,moda_yasam,evcil_hayvan",anne_bebek,"yenidoğan,bebektakim,annebebek,bebekmoda,cocukgiyim",creator,0.77,1.1,0.3,0.0
cookieetgribouille,1,profile_scrape,scrape_1776869679.json,11,360.0,nano,70.27,1.18,otomotiv,otomotiv,"gainsconcours,chocolat,sowwy,patisserie,boxpatisserie,macarons,numerique,fonddeteint,seruim,loreal",creator,0.75,1.0,0.0,0.0
coquiette.jpg,1,profile_scrape,scrape_1776937104.json,12,7083.0,nano,911.33,36.17,"teknoloji,finans_is",teknoloji,"illustrationoftheday,digitalart,artdiscover,illustratrice,procreate,drawing,illustrator,illustration,art,artist",creator,0.95,2.0,0.0,0.0
cozumelektronikmagaza,1,profile_scrape,scrape_1776936742.json,12,11896.0,micro,235.42,1.25,"teknoloji,oyuncak_hobi",teknoloji,"teknoloji,indirim,kampanya,firsatburada,magaza,acilis,aciliskampanyasi,beyazesya,uygunfiyat,hediyelik",creator,0.75,1.0,0.0,0.0
cozysahra,1,profile_scrape,scrape_1776936742.json,12,3743.0,nano,357.0,56.92,yemek_mutfak,yemek_mutfak,"kahvemolası,sunum,minimal,sunumsever,pinterest,istanbuldayaşam,keșfetteyiz,benimkadrajım,huzurum,kesfetteyi̇m",creator,0.83,1.4,0.0,0.0
cvmatchly_ai,1,profile_scrape,scrape_1776936742.json,12,343.0,nano,9.58,1.92,"egitim_kariyer,otomotiv,taki_aksesuar",egitim_kariyer,"cvtips,hiring,ukjobs,sponsorship,career,careergrowth,futureofwork,jobsearch,jobsearchstrategy,hiringtech",creator,0.83,1.4,0.0,0.0
cyf_congress,1,profile_scrape,scrape_1776936742.json,12,1697.0,nano,58.08,0.75,"egitim_kariyer,otomotiv,finans_is",egitim_kariyer,"CYFCongress,thessaloniki,CareerGrowth,Entrepreneurship,PersonalBranding,LinkedInTips,Schedule,Career,CareerAdvice,NotifyShow",creator,0.83,1.4,0.0,0.0
damlasdreams,1,profile_scrape,scrape_1776936742.json,5,39.0,nano,10.2,0.6,"otomotiv,fitness_saglik,anne_bebek",otomotiv,"instagood,motivation,mum,sportmotivation,performance,sport,running,photography,keşfet,annebebek",creator,0.83,1.4,0.0,0.0
danica_studio,1,profile_scrape,scrape_1776790071.json,8,23134.0,micro,27.62,1.5,"dekorasyon_mobilya,ev_yasam,moda_yasam",dekorasyon_mobilya,"giftideas,danicastudio,danicabrands,gift,illustration,style,design,homedecor,home,interiors",creator,0.77,1.1,0.3,0.0
dastini.burhaniye,1,profile_scrape,scrape_1776936742.json,12,640.0,nano,22.08,0.67,"moda_yasam,anne_bebek,taki_aksesuar",moda_yasam,"bebekgiyim,keşfetteyim,keşfet,mamasandalyesi,dastiniburhaniye,cocukgiyim,çocukgiyimmagaza,körfez,keşfetteyiz,kraft",creator,0.83,1.4,0.0,0.0
deardilay,1,profile_scrape,scrape_1776937104.json,12,216.0,nano,33.08,2.33,"egitim_kariyer,ev_yasam",egitim_kariyer,"yks,keşfet,yks2026,yks26,vlog,reklam,study,yksvlog,studyaesthetic",creator,0.83,1.4,0.0,0.0
debasethecurrency,1,profile_scrape,scrape_1776936742.json,12,1373.0,nano,18.67,3.25,"finans_is,evcil_hayvan,egitim_kariyer",finans_is,"bitcoin,BTC,BitcoinNews,BitcoinPrice,BitcoinCommunity,BitcoinHodl,bitcoinmining,BitcoinMaxi,BitcoinEducation,BitcoinAdoption",creator,0.83,1.4,0.0,0.4
der_legoist,1,profile_scrape,scrape_1776869777.json,11,4620.0,nano,234.0,33.55,"oyuncak_hobi,otomotiv,taki_aksesuar",oyuncak_hobi,"lego,legophotography,legogram,toyphotography,germanbrickscollab,afol,diebstahldienstag,legophotographer,thebatsreturns,gbc_26aufderwiese",creator,0.75,1.0,0.0,0.0
dhy_strategist,1,profile_scrape,scrape_1776937104.json,12,899.0,nano,66.42,10.5,"finans_is,teknoloji",finans_is,"fyp,startup,business,entrepreneur,smallbusiness,entrepreneurship,marketing,success,productdevelopment,explore",creator,0.75,1.0,0.3,0.0
dimensionepc,1,profile_scrape,scrape_1776937104.json,12,436.0,nano,9.58,1.17,teknoloji,teknoloji,"tecnologia,cybersecurity,notebook,sanminiatobasso,windows,aggiornamenti,sicurezza,ITtips,computerhelp,Unboxing",creator,0.75,1.0,0.0,0.0
dlra.homeblog,1,profile_scrape,scrape_1776869436.json,6,1858.0,nano,123.33,8.33,"ev_yasam,dekorasyon_mobilya",ev_yasam,"keşi̇f,taşınmak,urlasanatsokağı,i̇zmi̇r,süreç,kamera,kameraarkası,home,gelinevi,jokeryapim",creator,0.75,1.0,0.0,0.0
dmlbllog,1,profile_scrape,scrape_1776936742.json,12,30350.0,micro,30616.92,39.92,"anne_bebek,yemek_mutfak",anne_bebek,"keşfet,asmr,viralvideos,reelsviral,kesfet,sunum,reklam,creampuffs,tatlitarifleri,creampuff",creator,0.93,1.9,0.0,0.0
dongellerkonagieymir,1,profile_scrape,scrape_1776869679.json,11,434.0,nano,55.82,254.64,yemek_mutfak,yemek_mutfak,"ankarakahvalti,ankarakahvaltımekanları,ankarakahvemekanları,eymirkahvaltı,kahvaltiankara,kahvalti,slowmorning,huzur,kahvaltıkeyfi,softlife",creator,0.83,1.4,0.0,0.0
dragana_stosic_gagasf,1,profile_scrape,scrape_1776937266.json,12,858.0,nano,22.33,0.67,oyuncak_hobi,oyuncak_hobi,"toy,toyred,toypoodle,toyredpoodle,toyredmale,Toyredmalepoodle,red,redpoodle,redpoodlemale,redpoodletoy",creator,0.75,1.0,0.0,0.0
drfaikuzun,1,profile_scrape,scrape_1776869679.json,11,3594.0,nano,206.55,0.0,"evcil_hayvan,yemek_mutfak,taki_aksesuar",evcil_hayvan,"silifke,gebeliktakibi,mut,gülnar,opdrfaikuzun,normaldoğum,sezaryendoğum,riskligebelik,erkendoğumriski,3dultrasound",creator,0.93,1.9,0.0,0.0
drlutfullahaslan,1,profile_scrape,scrape_1776872304.json,12,1935.0,nano,376.42,7.0,anne_bebek,anne_bebek,"çocukdoktoru,çocuk,van,bebek,istanbul,kar,mecburigünlükleri,vanadokya,traverten,vangölü",creator,0.75,1.0,0.0,0.0
drturkerborucu,1,profile_scrape,scrape_1776936742.json,12,5145.0,nano,327.58,2.75,"anne_bebek,fitness_saglik,evcil_hayvan",anne_bebek,"pediatrist,çocuk,bebek,medigüneş,yenidogan,pediatri,cocukdoktoru,infant,pediatrics,pediatrician",creator,0.93,1.9,0.0,0.0
e_blogg__,1,profile_scrape,scrape_1776936742.json,12,6707.0,nano,675.83,45.92,yemek_mutfak,yemek_mutfak,"keşfetteyiz,reelsviral,keşfetedüş,trendreels,fy,yemek,reelsvideo,foodreels,keşfetteyim,viralvideos",creator,0.83,1.4,0.0,0.0
ebrardenizgez,1,profile_scrape,scrape_1776937266.json,12,200.0,nano,6.5,3.08,anne_bebek,anne_bebek,"emeklekurulanhayat,atölyehikayemiz,birliktegüzel,bebekgelişimi,4aylık,etkinliksaatleri,tummytime,duyusaloyun,bilinçliebeveynlik,bebeketkinlikleri",creator,0.75,1.0,0.0,0.0
eda.aslnn,1,profile_scrape,scrape_1776872304.json,12,11117.0,micro,226.75,8.33,yemek_mutfak,yemek_mutfak,"tarif,keşfet,reels,dizi,tatlıtarifleri,diziyemekleri,kremşantilikurabiye,tarçınlıkurabiye,tatlıkurabiye,mantar",creator,0.93,1.9,0.0,0.0
edirneulak,1,profile_scrape,scrape_1776790071.json,1,11514.0,micro,248.0,0.0,"teknoloji,otomotiv,oyun_espor",teknoloji,"edirneulakgazetesi,edirneulak,edirne,yerelmedya,edirneyerelgazete,edirnegündemi,sağlık,siyaset,egitim,ekonomi",creator,0.75,1.0,0.0,0.4
eesraa_ismail,1,profile_scrape,scrape_1776869436.json,6,5196.0,nano,622.5,22.67,"yemek_mutfak,ev_yasam,evcil_hayvan",yemek_mutfak,"reklamdeğil,mutfaktakigurme,kakaolukek,instafood,lezzetdurağı,burmatatlısı,sunumaski,şerbetlitatlılar,ramazantatlısı,sunumyeriniz",creator,0.83,1.4,0.0,0.0
ela.kitchenn,1,profile_scrape,scrape_1776936742.json,12,80.0,nano,26.42,4.42,yemek_mutfak,yemek_mutfak,"yemektarifleri,keşfetteyizzz,gastronomi,balıkçorbası,tatlı,yemektarifleri😉,hünkarbeğendi,yemek,food,mutfak",creator,0.93,1.9,0.0,0.0
elifomerkayra,1,profile_scrape,scrape_1776936742.json,12,115509.0,mid,1926.92,23.0,"yemek_mutfak,evcil_hayvan,dekorasyon_mobilya",yemek_mutfak,"gününsözü,gününkahvesi,gününkahvesi̇,kabiliyetiştirmek,neokudum,neokuyorum,okudumbitti📚,gününduası,piknik,doğa",creator,0.73,0.9,0.0,0.0
elifsenababykids,1,profile_scrape,scrape_1776936742.json,12,1019.0,nano,14.42,0.33,"anne_bebek,moda_yasam,oyuncak_hobi",anne_bebek,"bebekgiyim,organikbebekgiyim,bebekmodası,bebekkombini,bebekhediyesi,annebebek,babyfashion,muslinkıyafet,ilkbaharyazkoleksiyonu,doğalbebekürünleri",creator,0.87,1.6,0.0,0.0
elifuzunrr,1,profile_scrape,scrape_1776936742.json,12,12.0,nano,1.58,0.33,moda_yasam,moda_yasam,"dikiş,tasarım,kombinler,tasarımcı,özeltasarım,özeldikim,tekbeden,sipariş,standartbeden,atölyem",creator,0.93,1.9,0.0,0.0
elli_beanyyy,1,profile_scrape,scrape_1776937104.json,4,9.0,nano,55.25,2.25,evcil_hayvan,evcil_hayvan,"pets,fatcat,freedrawing,freecommission,draw,pet,fypageシ゚,memes,ocdrawing,dropdead",creator,0.75,1.0,0.0,0.0
emilyethics,1,profile_scrape,scrape_1776936742.json,12,5498.0,nano,120.25,7.92,"fitness_saglik,moda_yasam,anne_bebek",fitness_saglik,"motivation,fitness,inspiration,love,gym,workout,motivationalquotes,lifestyle,success,instagood",creator,0.93,1.9,0.0,0.0
emine.bites,1,profile_scrape,scrape_1776872304.json,12,819.0,nano,95.83,11.83,yemek_mutfak,yemek_mutfak,"tatlı,kesfet,keşfet,fypppppppppppppppppppppppppppppppppppppppppppppppppppppppppppppppppppppp,kahramanmaraş,sessizkalma,mutfak,keşfetteyim,reels,şanlıurfa",creator,0.83,1.4,0.0,0.0
empolisportfestival,1,profile_scrape,scrape_1776868726.json,4,9.0,nano,4.0,0.5,"fitness_saglik,moda_yasam,otomotiv",fitness_saglik,"EmpoliSportFestival,sport,fitness,fitnessmotivation,sportlife,workout,training,fitlife,gym,healthylifestyle",creator,0.93,1.9,0.0,0.0
enfju_,1,profile_scrape,scrape_1776868726.json,8,451.0,nano,-1.0,29.38,"ev_yasam,egitim_kariyer",ev_yasam,"study,studygram,enfermagem,estudante,trend,explorepage,viral,jesus,viralpost,vlog",creator,0.93,1.9,0.0,0.0
erdemyazilimanadolulisesi,1,profile_scrape,scrape_1776937104.json,12,2986.0,nano,71.08,1.75,"teknoloji,egitim_kariyer",teknoloji,"erdemyazılımanadolulisesi,yazılımlisesi,erdemokulları,bursluluksınavı,geleceğinikodla,yazılımeğitimi,teknolojieğitimi,lisetercihi,okultanıtımgünü,Erdemyazılımanadolulisesi",creator,0.83,1.4,0.0,0.0
esrajournalss,1,profile_scrape,scrape_1776936742.json,12,271.0,nano,7.33,4.58,"ev_yasam,egitim_kariyer",ev_yasam,"kpss,kpss2026,ders,yks,kpsstari̇h,ipad,study,kpsslisans,kpssonlisans,ösym",creator,0.83,1.4,0.0,0.0
esravepasta,1,profile_scrape,scrape_1776936742.json,12,920.0,nano,64.67,4.67,evcil_hayvan,evcil_hayvan,"butikpasta,butikpastacilik,1yaspasta,pasta,dogumgunupastasi,dogumgünü,istanbul,basaksehir,nisanpastasi,sozpastasi",creator,0.85,1.5,0.3,0.0
estudelavis,1,profile_scrape,scrape_1776869679.json,11,44817.0,micro,2562.82,52.73,"egitim_kariyer,ev_yasam",egitim_kariyer,"studygram,estudar,concursopublico,estudante,studymotivation,concursos,estudos,concurseiros",creator,0.93,1.9,0.0,0.0
eticaret.gercekleri,1,profile_scrape,scrape_1776936742.json,4,2.0,nano,0.75,0.25,otomotiv,otomotiv,"eticaret,dropshipping,girisim,parakazan,onlineis,girişimcilik,eticaretgercekleri,onlinekazanç,eticaretgerçekleri,instagramticaret",creator,0.75,1.0,0.0,0.0
etlitariflerr,1,profile_scrape,scrape_1776869777.json,1,407824.0,mid,220.0,0.0,"fitness_saglik,yemek_mutfak",fitness_saglik,"yemektarifleri,healthyeating,iftaryemeği",creator,0.89,1.7,0.3,0.0
everyounglb,1,profile_scrape,scrape_1776936742.json,12,1373.0,nano,2.17,0.25,"otomotiv,guzellik_kozmetik,anne_bebek",otomotiv,"EveryoungLB,SkincareRoutine,AcneCare,BOGO,DUCRAY,Keracnyl,ClearSkin,KloraneBebe,BabyCare,NewbornEssentials",creator,0.77,1.1,0.0,0.0
exact_ias,1,profile_scrape,scrape_1776936742.json,12,133471.0,mid,10826.92,11.58,"ev_yasam,finans_is",ev_yasam,"upscprelims,upsc2026,geopolitics,ias,internationalorganizations,upscquestions,upscmcq,upsccurrentaffairs,prelims2026,asisse",creator,0.71,0.8,0.0,0.0
exoduslearn_,1,profile_scrape,scrape_1776868726.json,8,2.0,nano,0.88,0.25,"egitim_kariyer,ev_yasam",egitim_kariyer,"studytips,studygram,studytok,study,student,exoduslearn,studying,reels,collegelife,fyp",creator,0.93,1.9,0.0,0.0
fatih.iosdev,1,profile_scrape,scrape_1776872304.json,12,1244.0,nano,147.08,16.0,teknoloji,teknoloji,"yazılım,software,bilişim,HSD,ProjeNight,ÜretenGece,Mentorluk,TechCommunity,MobileDevelopment,SabahınBereketi",creator,0.75,1.0,0.0,0.0
fatmazehra.keskinkrzan,1,profile_scrape,scrape_1776937266.json,12,417.0,nano,10.33,0.25,fitness_saglik,fitness_saglik,"ebeveyn,annebaba,çocukeğitimi,öfke,duygudüzenleme,psikanaliz,maternalmentalhealth,çocuk,zorba,zorbalığahayır",creator,0.83,1.4,0.0,0.0
febitekk,1,profile_scrape,scrape_1776936742.json,12,3357.0,nano,146.42,2.58,teknoloji,teknoloji,"tbdgençelazığ,FEBİTEK,fıratüniversitesi,tbd,tbdgenç,Teknoloji,üniversiteetkinliği,febitek,fıratünüversitesi,foryoupage",creator,0.75,1.0,0.0,0.0
fhosalay,1,profile_scrape,scrape_1776869436.json,6,1947.0,nano,1736.0,181.67,"evcil_hayvan,otomotiv",evcil_hayvan,"boxer,kopek,hayvanlar,animals,animal,pet,dog,dogs,photooftheday,cute",creator,0.85,1.5,0.0,0.0
fika.mag,1,profile_scrape,scrape_1776937104.json,12,37.0,nano,4.17,0.17,"kitap_kultur,teknoloji",kitap_kultur,"fika,edebiyat,sosyalmedya,ekonomi,natalieportman,magazin,hamilelik,hollywood,yas,paulauster",creator,0.75,1.0,0.0,0.0
financezirovnice,1,profile_scrape,scrape_1776936742.json,10,136.0,nano,5.7,0.0,finans_is,finans_is,"financezirovnice,financniporadenstvi,finance,pojisteni,financnigramotnost,investice,osobnifinance,zirovnice,hypoteka,penze",creator,0.75,1.0,0.0,0.0
fit4momwestseattle,1,profile_scrape,scrape_1776937266.json,12,1784.0,nano,10.83,0.5,"fitness_saglik,anne_bebek",fitness_saglik,"fit4momwestseattle,westseattlemoms,strengthinmotherhood,momstrong,strongmoms,prenatalfitness,prenatalexercise,FIT4MOM,fit4mom,fitpregnancy",creator,0.77,1.1,0.0,0.0
fithera_kongress,1,profile_scrape,scrape_1776936742.json,12,1165.0,nano,28.0,0.5,"fitness_saglik,yemek_mutfak,finans_is",fitness_saglik,"fithera2026,SpruchDerWoche,mindest,veränderung,mut,kongress,business,event,fitnessbranche,fithera26",creator,0.93,1.9,0.0,0.0
fnuraltundal,1,profile_scrape,scrape_1776872304.json,12,1350.0,nano,262.83,14.5,anne_bebek,anne_bebek,"pasta,tevekkül,bedibesmele,Kuran,patisserie,quran,cake,Umre,ramazan,cami",creator,0.75,1.0,0.0,0.0
foodloverrr2000,1,profile_scrape,scrape_1776790071.json,2,61.0,nano,9.0,1.5,"fitness_saglik,yemek_mutfak",fitness_saglik,"workout,workoutmeal,food,meal,japanese,foodie,healthy",creator,0.83,1.4,0.0,0.0
fsmortaokulu33,1,profile_scrape,scrape_1776937266.json,12,683.0,nano,74.83,0.0,egitim_kariyer,egitim_kariyer,"18MartÇanakkaleZaferi,ÇanakkaleGeçilmez,Tarsus,BirlikBeraberlik,ŞehitlerimiziAnıyoruz,Nevroz,TürkKültürü,KültürelMiras,sinav,bursluluk",creator,0.83,1.4,0.0,0.0
funda.sbloom,1,profile_scrape,scrape_1776937691.json,12,190.0,nano,22.5,0.33,kitap_kultur,kitap_kultur,"keşfet,şiir,keşfetteyizzz,keşfetteyiz,kitapalıntıları,keșfetteyiz,pencere,pencereönüçiçeği,denizmanzaralı,güneşlibirgünden",creator,0.75,1.0,0.0,0.0
furnbubbles_kiato,1,profile_scrape,scrape_1776869679.json,11,343.0,nano,17.18,0.09,"evcil_hayvan,otomotiv",evcil_hayvan,"doggrooming,petcare,happydog,DogGrooming,haircutday,FurAndBubbles,groomingexperience,FurNBubbles,PetCare,PetGrooming",creator,0.85,1.5,0.0,0.0
gastronotrukenii_,1,profile_scrape,scrape_1776790071.json,6,251.0,nano,16.5,0.0,yemek_mutfak,yemek_mutfak,"mutfak,dessert,pasta,keşfetteyizzz,keşfet,tatlı,keşfetteyim,miseenplace,gastronomía,sanat",creator,0.83,1.4,0.0,0.0
georgepalozzi,1,profile_scrape,scrape_1776872304.json,12,14111.0,micro,1043.25,20.58,"otomotiv,egitim_kariyer",otomotiv,"motorsport,georgepalozzi,lemans,daytona,racingdriver,racingcar,f1,careers,racecar",creator,0.83,1.4,0.0,0.0
ghenosgames,1,profile_scrape,scrape_1776869777.json,11,10297.0,micro,757.36,13.27,"oyun_espor,oyuncak_hobi,otomotiv",oyun_espor,"boardgames,gdt,giochidatavolo,boardgame,partygame,giochi,boardgamesnight,salonedellibro,cardgame,finspan",creator,0.75,1.0,0.0,0.0
gizemhatimoglu,1,profile_scrape,scrape_1776936742.json,12,24329.0,micro,2168.33,36.33,"anne_bebek,egitim_kariyer",anne_bebek,"sınav,matematik,lgs,başarı,öğrencikoçu,soruçözümü,mersin,keşfetteyiz,keşfet,tyt",creator,0.83,1.4,0.0,0.0
gizemisfen,1,profile_scrape,scrape_1776937266.json,12,307.0,nano,20.08,0.5,"guzellik_kozmetik,anne_bebek,otomotiv",guzellik_kozmetik,"bebek,keşfet,keşfetteyiz,komik,akım,çocuk,netflix,baba,keşfetteyim,ilkbayram",creator,0.83,1.4,0.0,0.0
glowenceco,1,profile_scrape,scrape_1776868726.json,8,9.0,nano,3.62,0.12,"guzellik_kozmetik,evcil_hayvan,otomotiv",guzellik_kozmetik,"ciltbakimi,skincaretips,guzellikipuclari,bakimonerileri,skincare,ciltserumu,sacbakimrutini,ciltbakimirutini,sacbakimtipsleri,kurusacbakim",creator,0.93,1.9,0.0,0.0
gm_gozdemukavelat,1,profile_scrape,scrape_1776868866.json,6,127.0,nano,6.67,0.0,"guzellik_kozmetik,otomotiv,moda_yasam",guzellik_kozmetik,"gmcreations,selfcareturkiye,ciltbakimi,luxury,bodybutterturkiye,kadinbakim,kesfet,erkekbakim,erkekstil,hediyelik",creator,0.83,1.4,0.0,0.0
gozdessign,1,profile_scrape,scrape_1776872304.json,12,1239.0,nano,21.92,1.25,"anne_bebek,oyuncak_hobi,evcil_hayvan",anne_bebek,"punch,yenidoğan,hediye,keşfet,keşfetteyiz,yılbaşı,isimliyastık,bebek,dekor,punchneedle",creator,0.85,1.5,0.0,0.0
graffireallylike,1,profile_scrape,scrape_1776872304.json,12,600.0,nano,54.0,1.33,taki_aksesuar,taki_aksesuar,"graffitiberlin,dff,dffcrew,ghee,gheegraffiti,berlingraffiti,1263,1263crew,wds,wdscrew",creator,0.75,1.0,0.0,0.0
grimm_jowtv,1,profile_scrape,scrape_1776872304.json,7,41.0,nano,5.43,0.57,"otomotiv,oyuncak_hobi",otomotiv,"mlb,thehobby,whitesox,hobby,cardscollection,baseball,goat,mets,baseballcards,collector",creator,0.75,1.0,0.0,0.0
guilhermecontador_,1,profile_scrape,scrape_1776872304.json,12,2944.0,nano,110.08,13.42,oyuncak_hobi,oyuncak_hobi,"tbt,mei,simplesnacional,empreendedorismo,fut,hobby,taxpratico,summitfiscal,reformatributária,irpf2026",creator,0.75,1.0,0.0,0.0
gul_sevle,1,profile_scrape,scrape_1776869679.json,11,1020917.0,mega,-1.0,212.18,yemek_mutfak,yemek_mutfak,"tarif,foodies,yemek,lezzet,liege,foodblogger,kuşkonmaz,kultur,cheflife,delicious",creator,0.73,0.9,0.3,0.4
gulhanersahin2,1,profile_scrape,scrape_1776937691.json,12,693.0,nano,38.83,3.0,"egitim_kariyer,evcil_hayvan",egitim_kariyer,"canva_tr,canva,eğitimiçincanva,egitimicincanva,Eskişehir,YEĞİTEK,CanvaEğitimi,YapayZeka,mebyegitek,canvatürkiye",creator,0.83,1.4,0.0,0.0
gull.vlog,1,profile_scrape,scrape_1776872304.json,12,10239.0,micro,14994.33,30.25,yemek_mutfak,yemek_mutfak,"keşfet,aşk,keşfetteyizzz,kesfet,keşfett,instamood,reelsviralvideo,bebeğim,iftar,ramazan",creator,0.83,1.4,0.0,0.0
hafstory.sk,1,profile_scrape,scrape_1776936742.json,12,248.0,nano,47.42,1.5,"evcil_hayvan,egitim_kariyer,kitap_kultur",evcil_hayvan,"hafstory,education,dog,reading,booklover,autismawareness,autism,#booklover,easter",creator,0.93,1.9,0.0,0.0
hamarat.eller.25.35,1,profile_scrape,scrape_1776937266.json,2,39.0,nano,22.0,1.0,yemek_mutfak,yemek_mutfak,"evyapımı,baklava,sipariş,anneeli,mutfak,evyemekleri,kete,düğünyemeği,organikyemek,cevizlibaklava",creator,0.83,1.4,0.0,0.0
hamilelik.annelik,1,profile_scrape,scrape_1776869679.json,12,10966.0,micro,598.42,2.5,"anne_bebek,evcil_hayvan,taki_aksesuar",anne_bebek,"hamilelik,gebelik,annebebek,hamileanneler,trimester,hamileanneadayları,anneyizbiz,gebeliktakibivedoğum,aile,erkekbebek",creator,0.85,1.5,0.0,0.0
hamilelikveanne,1,profile_scrape,scrape_1776869436.json,6,79656.0,micro,7794.17,43.67,"anne_bebek,evcil_hayvan",anne_bebek,"anne,hamilelik,bebek,hamile,lohusa,keşfet,gebelik,dua,annebebek,bebeklehayat",creator,0.75,1.0,0.0,0.0
hardline.iq,1,profile_scrape,scrape_1776936742.json,12,3865.0,nano,107.08,19.17,"teknoloji,oyun_espor",teknoloji,"هاردلاين_ستور,RGBKeyboard,كيبورد_ميكانيكي,IMICE_GK160,ArabicKeyboard,MechanicalKeyboard,AssassinsCreed,Altair,ActionFigure,مجسمات",creator,0.75,1.0,0.0,0.0
hati_cehomm,1,profile_scrape,scrape_1776937266.json,12,1396.0,nano,24.25,2.17,evcil_hayvan,evcil_hayvan,"huzur,kedi,mutluluk,catlove,güven,sadakat,gece,keyif,gunbatimi,anlar",creator,0.75,1.0,0.0,0.0
hemsireeannegunlugu,1,profile_scrape,scrape_1776936742.json,12,2958.0,nano,68.75,12.33,"anne_bebek,evcil_hayvan",anne_bebek,"annebebek,bebekbakımı,temiziçerik,bebek,yenidoğan,babynest,bebekyatağı,bebekyatakları,pişikönleyici,pisikkremi",creator,0.85,1.5,0.0,0.0
hobby_prive,1,profile_scrape,scrape_1776936742.json,12,32.0,nano,3.83,0.0,"yemek_mutfak,kitap_kultur",yemek_mutfak,"patchwork,kırkyama,çanta,tabletkılıfı,kitapkılıfı,iğneoyası,oya,çaykeyfi,bardakaltligi,kahve",creator,0.83,1.4,0.0,0.0
huaico.gato,1,profile_scrape,scrape_1776937104.json,12,1072.0,nano,725.0,13.75,evcil_hayvan,evcil_hayvan,"catlover,catsofinstagram,catstagram,humor,luna,artemis2,MisionLunita,MichisEnLaLuna,PijamadaEspacial,cats_of_instagram",creator,0.85,1.5,0.0,0.0
humanistic_wellness,1,profile_scrape,scrape_1776937266.json,12,67.0,nano,1.75,1.67,anne_bebek,anne_bebek,"modernmotherhood,foundationalwellness,millennialmom,momsofinstagram,mompreneur,simplewellness,millennial,chronicillness,holisticwellness,wellnesscoach",creator,0.75,1.0,0.0,0.0
icefoxonline,1,profile_scrape,scrape_1776872304.json,12,42.0,nano,4.83,0.83,"anne_bebek,moda_yasam,evcil_hayvan",anne_bebek,"yenidoğan,bebekgiyim,hastaneçıkışı,bebekalışverişi,müslin,annelikhalleri,anne,keşfetteyiz,çocukmodası,annebebek",creator,0.93,1.9,0.0,0.0
ikkiturkiye,1,profile_scrape,scrape_1776937431.json,12,43.0,nano,0.67,0.08,"otomotiv,finans_is",otomotiv,"eticaret,girişimcilik,onlineiş,satış,ikki,ikkinet,onlinesatis,girisimcilik,eticaretsitesi,onlinesatış",creator,0.75,1.0,0.0,0.0
info.tinyva,1,profile_scrape,scrape_1776937266.json,12,6.0,nano,0.08,0.83,"anne_bebek,otomotiv,guzellik_kozmetik",anne_bebek,"TinyVa,BabyCare,BabyEssentials,BestPriceBD,BabySkincare,foryouシ,foryoupageシ,foryoupagereels,fypシ,fypviralシ",creator,0.93,1.9,0.0,0.0
insigniask_tr,1,profile_scrape,scrape_1776869436.json,6,9837.0,nano,1349.83,69.67,otomotiv,otomotiv,"opel,insigniask_tr,insignia,erzurum,keşfet,opeltürkiye,popcorn,tunnel,warex,stability",creator,0.75,1.0,0.0,0.0
intothemezcoverse,1,profile_scrape,scrape_1776872304.json,12,2324.0,nano,58.75,6.5,"oyuncak_hobi,otomotiv,guzellik_kozmetik",oyuncak_hobi,"toyphotography,photographer,extremesets,acba,bts,hfigs,articulatedcomicbookart,sixinchlegends,ytgpicbar,raw_toys",creator,0.83,1.4,0.0,0.0
ishaan_international_school,1,profile_scrape,scrape_1776937431.json,12,2238.0,nano,130.75,2.5,"evcil_hayvan,egitim_kariyer,finans_is",evcil_hayvan,"school,education,seminar,kids,ishaaninternationalschool,viral,kindergarten,viralvideos,students,finance",creator,0.83,1.4,0.0,0.0
itssyamaan,1,profile_scrape,scrape_1776936742.json,12,896.0,nano,204.0,9.5,"anne_bebek,evcil_hayvan",anne_bebek,"keşfetteyim,yenidoğan,baby,oğlum,keşfet,bebek,prematüre,annelik,40uçurma,anne",creator,0.85,1.5,0.0,0.0
jean_exclusividad,1,profile_scrape,scrape_1776869679.json,10,1808.0,nano,1.5,0.2,"moda_yasam,fitness_saglik",moda_yasam,"outfit,adidas👟,nike,underarmor,asics,gym",creator,0.77,1.1,0.3,0.0
k3studiosae,1,profile_scrape,scrape_1776937266.json,12,22.0,nano,3.25,0.58,finans_is,finans_is,"دبي,الامارات,تطبيقات,تسويق,dubai,برمجة,اعمال,مشاريع,startup,uae",creator,0.75,1.0,0.0,0.0
kahvekoliklady,1,profile_scrape,scrape_1776872304.json,12,3380.0,nano,60.92,54.67,yemek_mutfak,yemek_mutfak,"coffee,coffeetime,kahve,manzaranıngüzelliği,manzara,gözleme,turkishfood,reklamdeğildir,türkkahvesi,turkishcoffee",creator,0.83,1.4,0.0,0.0
kahvemvekeyfi_,1,profile_scrape,scrape_1776872304.json,10,7127.0,nano,237.3,18.4,"yemek_mutfak,moda_yasam,anne_bebek",yemek_mutfak,"reklamyok,kahvesunumları,kahve,anıyakalamak📷,dekoratifobjeler,kesfet,sunummasasi,keşfet,instagood,sunumaşkı",creator,0.83,1.4,0.0,0.0
kaligraficik,1,profile_scrape,scrape_1776937104.json,9,1071.0,nano,64.89,3.56,"dekorasyon_mobilya,taki_aksesuar",dekorasyon_mobilya,"kaligrafi,kesfet,tasarım,girişim,geri̇taki̇p,kadingirisim,girisim,calligraphy,işletme,design",creator,0.75,1.0,0.0,0.0
kapadokyayapayzekazirvesi,1,profile_scrape,scrape_1776936742.json,12,332.0,nano,48.5,4.75,"guzellik_kozmetik,teknoloji,otomotiv",guzellik_kozmetik,"yapayzeka,KapadokyaYapayZekaZirvesi,AI2026,DijitalDönüşüm,Teknoloji,Girişimcilik,Kappadokya,zirve,kapadokyayapayzekazirvesi,ai",creator,0.83,1.4,0.0,0.0
karaglassstudio,1,profile_scrape,scrape_1776936742.json,7,36.0,nano,17.43,1.29,finans_is,finans_is,"karaglassstudio,startuptürkiye,sürdürülebilirlik,girisim,surdurulebilirlik,startup,geridönüsüm,farkındalıik,atık,çevrebilinci",creator,0.75,1.0,0.0,0.0
kattantkonyvkucko,1,profile_scrape,scrape_1776869679.json,11,1542.0,nano,55.27,8.73,"otomotiv,kitap_kultur",otomotiv,"reels,bookstagram,hungary,video,happiness,woman,booklover,happy,sajátgondolat,dailypost",creator,0.75,1.0,0.0,0.0
kilotakip,1,profile_scrape,scrape_1776869679.json,10,74037.0,micro,1250.0,48.9,"oyuncak_hobi,yemek_mutfak",oyuncak_hobi,"diyet,sağlıklıbeslenme,tarif,glutensiz,viral,sağlıklıtarifler,diyetgünlüğü,diyetteyim,diyetteyiz,sağlıklıyaşam",creator,0.77,1.1,0.0,0.0
kingdoms__at__war,1,profile_scrape,scrape_1776937266.json,4,37.0,nano,5.75,0.0,"oyun_espor,oyuncak_hobi",oyun_espor,"boardgame,colamminds2026,fantasy,fun,medieval,strategygame",creator,0.75,1.0,0.0,0.0
kitchen.anemon,1,profile_scrape,scrape_1776869436.json,6,434.0,nano,4.17,5.5,"yemek_mutfak,oyuncak_hobi",yemek_mutfak,"tarif,yemek,sunum,yemektarifleri,lezzet,food,istanbul,tatlı,sunumönemlidir,mutfak",creator,0.93,1.9,0.0,0.0
klncveterinerklinigi,1,profile_scrape,scrape_1776937104.json,12,244.0,nano,31.75,0.33,"evcil_hayvan,oyuncak_hobi,egitim_kariyer",evcil_hayvan,"kedi,cat,veterinerkliniği,veterinerhekim,yunusemre,muradiye,veteriner,kedibakımı,catcare,catlover",creator,0.93,1.9,0.0,0.0
kolaytatlitariflerim,1,profile_scrape,scrape_1776936742.json,11,67113.0,micro,76.82,0.91,yemek_mutfak,yemek_mutfak,"yemektarifleri,tatlıtarifleri,yemek,kolaytatlıtarifleri,çikolatalıtatlı,revani,çileklidondurma,katmer,çileklipasta,çileklitatlı",creator,0.93,1.9,0.3,0.0
kulawykurczak,1,profile_scrape,scrape_1776868726.json,8,9059.0,nano,35.75,34.25,"guzellik_kozmetik,evcil_hayvan,moda_yasam",guzellik_kozmetik,"daily,reklama,lifestyle,zakupwłasny,skincare,ysl,makeup,beauty,EvelineTeam,mediapic",creator,0.77,1.1,0.0,0.4
laf_activities,1,profile_scrape,scrape_1776872304.json,12,2956.0,nano,64.17,5.92,"evcil_hayvan,taki_aksesuar",evcil_hayvan,"lafayette,lafayettecollege,spring,dance,leopard,marquisdelafayette,easton,application,escaperoom,winter",creator,0.75,1.0,0.0,0.0
laken_turkiye,1,profile_scrape,scrape_1776869679.json,11,648.0,nano,12.55,0.55,"anne_bebek,oyuncak_hobi",anne_bebek,"laken,lakentürkiye,termos,çelikmatara,outdoorlife,çevredostu,maceracumhuriyeti,bebek,annebebek,bebekurunleri",creator,0.75,1.0,0.0,0.0
learngrowevolverepeat,1,profile_scrape,scrape_1776936742.json,12,530.0,nano,21.42,1.58,"egitim_kariyer,otomotiv",egitim_kariyer,"lifecoach,learngrowevolverepeat,mindsetcoach,selfawareness,selfsabotage,overthinking,roles,career,change,transformation",creator,0.83,1.4,0.0,0.0
lego._.island,1,profile_scrape,scrape_1776869679.json,11,48.0,nano,16.09,2.18,"oyuncak_hobi,otomotiv",oyuncak_hobi,"legoisland,lego,legohouse,cardistry,playingcards",creator,0.75,1.0,0.0,0.0
lf.photoscb,1,profile_scrape,scrape_1776936742.json,3,2.0,nano,2.0,0.0,"evcil_hayvan,egitim_kariyer,otomotiv",evcil_hayvan,"catsofinstagram,cat,catsagram,mariposa,mariposaesfinge,naturelovers,naturephotography,sphinxhawkmoth",creator,0.83,1.4,0.0,0.0
lgs27kpss26,1,profile_scrape,scrape_1776937266.json,5,506.0,nano,163.4,0.6,egitim_kariyer,egitim_kariyer,"lgshazırlık,sinav,kpss2026hazırlananlar,lgsgünlüğü,kpss,kpsshazırlık,fenlisesi,derscalisma,kpsscoğrafya,kpssgünlüğüm",creator,0.83,1.4,0.0,0.0
lifeofwadhwa,1,profile_scrape,scrape_1776937104.json,12,2396.0,nano,43.0,12.33,evcil_hayvan,evcil_hayvan,"trending,confidence,citylife,noise,peace,beer,humor,experiment,kitchensofinstagram,selfempowerment",creator,0.75,1.0,0.0,0.0
linaberry_shop,1,profile_scrape,scrape_1776937431.json,12,52.0,nano,9.67,0.58,"fitness_saglik,yemek_mutfak,oyuncak_hobi",fitness_saglik,"hediyelik,çilek,çikolatalıçilek,sweets,tatlikutusu,tatlisever,ankarafood,cikolatacicilek,cilek,strawberries",creator,0.83,1.4,1.2,0.0
listifyai.app,1,profile_scrape,scrape_1776872304.json,12,9.0,nano,-0.67,0.83,"otomotiv,moda_yasam",otomotiv,"eticaret,listifyai,modaçekimi,yapayzekamodel,aimodel,yapayzeka,moda,fotoğrafçılığı,ürünfotoğrafçılığı,yapayzekaile",creator,0.83,1.4,0.0,0.0
lola_thelollipopcat,1,profile_scrape,scrape_1776936742.json,12,1621.0,nano,442.75,36.5,"evcil_hayvan,otomotiv",evcil_hayvan,"cats_of_instagram,catlover,catreel,pisicipeinstagram,catagram,catphoto",creator,0.85,1.5,0.0,0.0
luckybracecat,1,profile_scrape,scrape_1776869777.json,2,2577.0,nano,49.5,5.0,"evcil_hayvan,egitim_kariyer,otomotiv",evcil_hayvan,"luckythebracecat,luckybracecat,cat,thedodo,catlover,catlovers,catlife,catsloversclub,catlove,catphoto",creator,0.93,1.9,0.0,0.0
lune_rahandmade,1,profile_scrape,scrape_1776936742.json,12,30.0,nano,9.75,0.75,"taki_aksesuar,anne_bebek",taki_aksesuar,"instgram,jewelry,global,fyp,takı,handmade,şapka,bebekbataniyesi,keşfet,oneçıkar",creator,0.75,1.0,0.0,0.0
madadora_by.madma,1,profile_scrape,scrape_1776868726.json,8,150.0,nano,1.12,0.0,moda_yasam,moda_yasam,"FormalStyle,softblue,WhiteSkirt,ElegantWear,ChicAndPolished,LightBlueBlouse,SoftStyle,EverydayElegance,SimpleFashion,outfit",creator,0.77,1.1,0.0,0.0
maggieblue_with_covidblack,1,profile_scrape,scrape_1776937266.json,12,99.0,nano,7.33,0.0,"evcil_hayvan,egitim_kariyer",evcil_hayvan,"貓,cat,英短藍貓,黑貓,blackcat,britishshorthair,cute,brtishshorthair,貓大叔",creator,0.83,1.4,0.0,0.0
maisonvale.tr,1,profile_scrape,scrape_1776868726.json,6,353.0,nano,0.0,0.0,moda_yasam,moda_yasam,"çantamodeli,kombinönerisi,şıkkombin,günlükkombin,butikürünler,moda,instabutik,butikshop,trendürünler,alışveriş",creator,0.77,1.1,0.6,0.0
marykidscom,1,profile_scrape,scrape_1776937266.json,12,722.0,nano,12.83,0.17,"moda_yasam,anne_bebek",moda_yasam,"bebekgiyim,çocukgiyim,bebekmodası,MaryKids,ÇocukGiyim,BebekGiyim,yenisezon,bebekkombin,kombin,minikstil",creator,0.77,1.1,0.0,0.0
mavi.caodeirante,1,profile_scrape,scrape_1776869679.json,10,45018.0,micro,5114.0,60.7,evcil_hayvan,evcil_hayvan,"cachorros,cachorrosdobrasil,viral,cachorrosfofos,mavicaodeirante,caodeirante,adote,pet,humor,doguinho",creator,0.85,1.5,0.0,0.0
max_thewolf_husky01,1,profile_scrape,scrape_1776937431.json,6,49.0,nano,45.83,3.33,evcil_hayvan,evcil_hayvan,"husky,doglover🐶,puppy,🐶,siberianhusky,siberianhuskypuppy,mydog,laugh,ilovedogs,pet",creator,0.85,1.5,0.0,0.0
maxidonertr,1,profile_scrape,scrape_1776869679.json,3,40.0,nano,15.0,0.0,yemek_mutfak,yemek_mutfak,"antalya,döner,yemek,mekan,antalyayemek",creator,0.83,1.4,0.0,0.0
meilicloset,1,profile_scrape,scrape_1776868726.json,8,290.0,nano,31.88,0.0,moda_yasam,moda_yasam,"meilicloset,ropard,boutiqueeuropea,zarazara,modard,moda,missguided,vestidonegro,bershka,vestido",creator,0.83,1.4,0.3,0.0
mercaninkiyisindan,1,profile_scrape,scrape_1776936742.json,12,81.0,nano,43.58,6.0,"anne_bebek,otomotiv",anne_bebek,"babygirl,kızneşesi,mercan,balkızım,babies,annebebek,mercaninkiyisindan,Mercan,#annebebek,family",creator,0.75,1.0,0.0,0.0
merkez.pastane,1,profile_scrape,scrape_1776869436.json,6,110.0,nano,14.0,1.17,"yemek_mutfak,evcil_hayvan",yemek_mutfak,"49,pastapasta,cake,çiçekler,model,bekarlığaveda,cicek,malazgirt,tatli,hemşire",creator,0.83,1.4,0.0,0.0
merlin.kleiner.verzauberer,1,profile_scrape,scrape_1776936742.json,12,1453.0,nano,43.0,4.25,"evcil_hayvan,anne_bebek,egitim_kariyer",evcil_hayvan,"catsofinstagram,catlover,cat,2026,catmomlife,catmom,wirsehenunswieder🐱🐾",creator,0.93,1.9,0.0,0.0
mery_pacella,1,profile_scrape,scrape_1776872304.json,12,26835.0,micro,1689.08,66.25,"fitness_saglik,moda_yasam,otomotiv",fitness_saglik,"gym,woman,photographer,life,lifestyle,girls,napoli,fitnessmotivation,italy,fitness",creator,0.93,1.9,0.0,0.0
meyramlaannelik,1,profile_scrape,scrape_1776936742.json,12,181.0,nano,35.83,14.25,anne_bebek,anne_bebek,"kesfet,gebelik,kesfetbeniöneçıkar,hamilelik,ultrason,hamileanneadayları,bebekalışverişi,yapayzekâ,chatgbt,annebebekürünleri",creator,0.75,1.0,0.0,0.0
meysaca.blogg,1,profile_scrape,scrape_1776936742.json,12,8092.0,nano,341.75,4.75,anne_bebek,anne_bebek,"bebek,annevebebek,anneler,hamileanneadayları,bebekgelişimi,annevebebeği,hamileanne,çocukgelisimi,kesfet,anneadayları",creator,0.75,1.0,0.0,0.0
mimabebekbutikk,1,profile_scrape,scrape_1776937431.json,12,430.0,nano,31.0,80.83,"anne_bebek,moda_yasam",anne_bebek,"bebekgiyim,bebekkombin,çocukgiyim,yenisezon,indirimbitti,keşfetteyiz,bebekbutik,anneler,bebekmodasi,bebekmodası",creator,0.93,1.9,1.5,0.0
min.n.mun,1,profile_scrape,scrape_1776936742.json,11,33.0,nano,4.73,1.64,"evcil_hayvan,egitim_kariyer",evcil_hayvan,"cat,pet,kitten,catlife,kittenlove,catlife🐾,dog,puppylove,puppy,catlover😻",creator,0.95,2.4,0.0,0.0
mini_baby.butik,1,profile_scrape,scrape_1776937431.json,12,13.0,nano,2.0,0.17,"moda_yasam,anne_bebek",moda_yasam,"bebekgiyim,bebekkıyafetleri,uygunkalite,pijama,erkekçocuk,erkekbebek,uygunfıyat,cocukgiyim,erkekgiyim,anneçocuk",creator,0.83,1.4,1.2,0.0
minimodatr,1,profile_scrape,scrape_1776937266.json,12,1873.0,nano,15.75,8.67,"anne_bebek,moda_yasam,otomotiv",anne_bebek,"minimoda,annebebek,prego,kayseri,bebekarabası,scooter,kayseri̇,bebek,cocuk,Chicco",creator,0.83,1.4,0.0,0.0
minisaglikrehberi,1,profile_scrape,scrape_1776937266.json,1,75.0,nano,-1.0,4.0,anne_bebek,anne_bebek,"hemsire,okulhemşireliği,çocuksağlığı,okulsağlığı,annebebek",creator,0.75,1.0,0.0,0.0
mirayela.blog,1,profile_scrape,scrape_1776937104.json,10,39.0,nano,23.2,1.1,"anne_bebek,evcil_hayvan",anne_bebek,"keşfetteyim,annebebek,annekız,annelik,bebekgunlugu,anneolmak,pozitifebeveynlik,kesfet,minikyardımcım,iyikidogdunyaresulullah",creator,0.85,1.5,0.0,0.0
mistiq.gunce,1,profile_scrape,scrape_1776936742.json,12,136.0,nano,33.92,3.92,anne_bebek,anne_bebek,"bebeğimlebüyüyorum,küçükişletme,kumaşbaskı,annebebek,yazıcı,dijitalgünce,annebebeksayfası,kendiürünüm,esansiyelyağlar,biberiye",creator,0.75,1.0,0.0,0.0
ml.petportraits,1,profile_scrape,scrape_1776936742.json,4,,unknown,0.0,0.25,"evcil_hayvan,teknoloji,egitim_kariyer",evcil_hayvan,"petportraits,art,artist,dog,cat,doglover,cats,petloss",creator,0.83,1.4,0.0,0.0
mnemonicsbybabita,1,profile_scrape,scrape_1776936742.json,2,43.0,nano,40.5,1.5,"ev_yasam,egitim_kariyer",ev_yasam,"nursingstudent,nursingnotes,bscstudent,studygram,medicalstudent",creator,0.93,1.9,0.0,0.0
momtimetr,1,profile_scrape,scrape_1776936742.json,12,649.0,nano,9.17,2.83,anne_bebek,anne_bebek,"annebebek,avrupayakasıanneleri,annelerbuluşuyor,momtime,annelik,annelerbululuşuyor,annebebekbuluşma,anneler,ramikütüphanesi,sosyalanne",creator,0.75,1.0,0.0,0.0
motaz_hayani,1,profile_scrape,scrape_1776937104.json,12,1098.0,nano,95.58,3.83,finans_is,finans_is,"Neü,mezünyet,يوم_جميل,nice_day,güzel_gün,gençlikkampları,turkey,turkiye,konya,kule",creator,0.75,1.0,0.0,0.0
mucizeyolculugum,1,profile_scrape,scrape_1776869436.json,6,3036.0,nano,940.67,8.0,"anne_bebek,evcil_hayvan",anne_bebek,"gebelik,hamilelik,annelik,keşfetteyiz,doğum,kesfet,dua,anneadayı,anne",creator,0.85,1.5,0.0,0.0
muratgunduzs,1,profile_scrape,scrape_1776936742.json,12,18339.0,micro,2973.92,183.5,"evcil_hayvan,egitim_kariyer",evcil_hayvan,"istanbul,kedi,kediler,cat,cats",creator,0.83,1.4,0.0,0.0
mustachio.otr,1,profile_scrape,scrape_1776872304.json,12,1261.0,nano,45.08,31.92,"moda_yasam,fitness_saglik",moda_yasam,"runner,run,ootd,lifestyle,style,running,family,workout,puertorico,training",creator,0.83,1.4,0.0,0.0
muzeyyenin_aynasi,1,profile_scrape,scrape_1776872304.json,12,802.0,nano,39.08,3.33,"yemek_mutfak,egitim_kariyer",yemek_mutfak,"keşfetteyiz,reels,etkileşimpostu,serebralpalsi,keşfetteyim,emek,sinav,ekpss,sezenaksusözleri,tb❤️",creator,0.83,1.4,0.0,0.0
my.scholar.aid,1,profile_scrape,scrape_1776868866.json,6,35651.0,micro,-1.0,119.67,"ev_yasam,egitim_kariyer,fitness_saglik",ev_yasam,"fyp,apexams,study,studygram,apclasses,college,mentalhealth,student,teacher,parent",creator,0.77,1.1,0.0,0.0
mycar.denizli,1,profile_scrape,scrape_1776869777.json,2,176.0,nano,13.0,0.0,"otomotiv,dekorasyon_mobilya",otomotiv,"denizli,mobil,yerinde,detailing,oto",creator,0.75,1.0,0.0,0.0
mycat_mango,1,profile_scrape,scrape_1776936742.json,12,2513.0,nano,105.75,1.42,"evcil_hayvan,otomotiv,anne_bebek",evcil_hayvan,"cat,pet,like,instamood,instalike,instagood,instagram,life,instacat,like4like",creator,0.75,1.0,0.0,0.0
nadja.k_organics,1,profile_scrape,scrape_1776872304.json,12,560.0,nano,24.0,2.67,"evcil_hayvan,otomotiv,egitim_kariyer",evcil_hayvan,"photography,nature,naturephotography,cat,tortoiseshellcat,catlover,springtime,april,waiting,sunday",creator,0.93,1.9,0.0,0.0
neselitat,1,profile_scrape,scrape_1776937431.json,12,1362.0,nano,42.42,7.92,evcil_hayvan,evcil_hayvan,"butikpasta,kesfet,esenyurtpasta,instgram,dogumgunupastasi,keşfet,pastatasarim,pasta,reels,cakedesign",creator,0.85,1.5,0.3,0.0
nesva.journal,1,profile_scrape,scrape_1776872304.json,12,279.0,nano,-1.0,7.33,"seyahat_gezi,ev_yasam,kitap_kultur",seyahat_gezi,"journaling,stationery,journal,writing,stationeryaddict,travelerscompany,travelersnotebook,travelersnotebooks,mydesk,stalogy",creator,0.75,1.0,0.0,0.0
nfawear,1,profile_scrape,scrape_1776790071.json,1,65.0,nano,14.0,2.0,moda_yasam,moda_yasam,"nfawear,kadıngiyim,moda,trendyol,stil",creator,0.83,1.4,0.0,0.0
noodleandbooinc,1,profile_scrape,scrape_1776869679.json,12,150266.0,mid,136.33,42.17,"otomotiv,guzellik_kozmetik,anne_bebek",otomotiv,"noodleandboo,sensitiveskin,gentleskincare,gentlecare,babycare,momlife,babyessentials,gentlebabycare,babyskincare,dermatologistrecommended",creator,0.73,0.9,0.3,0.0
novalala.atelier,1,profile_scrape,scrape_1776872304.json,12,15850.0,micro,157.75,22.42,"moda_yasam,taki_aksesuar,oyuncak_hobi",moda_yasam,"takı,keşfet,NovaLala,novalalaatelier,kadınstili,çeliktakı,kombin,takımodası,16şubatfrezya264,14Şubat",creator,0.77,1.1,0.0,0.0
novaschooloflaw,1,profile_scrape,scrape_1776872304.json,12,8110.0,nano,207.33,2.08,"egitim_kariyer,otomotiv,evcil_hayvan",egitim_kariyer,"direito,linkdabio,soproud2bnovaschooloflaw,masters,mastersinlaw,lawschool,candidaturas,applications,escolhedireitoescolheanova,openday",creator,0.83,1.4,0.0,0.0
oceantwenty9,1,profile_scrape,scrape_1776868866.json,6,484.0,nano,20.83,1.83,"guzellik_kozmetik,otomotiv",guzellik_kozmetik,"oceantwenty9,ocean29,serum,cleanbeauty,shootingday,behindthescenes,oceanvibes,aestheticreels,foam,cleansing",creator,0.83,1.4,0.0,0.0
op.dr.busrasahin,1,profile_scrape,scrape_1776869436.json,6,5586.0,nano,143.17,0.0,"evcil_hayvan,anne_bebek",evcil_hayvan,"drbüşraşahin,ordukadındoğum,jinekolog,annevebebek,hamilelik,jinekoloji,trimestr,kadınhastalıklarıvedoğumuzmanı,histeroskopi,vajinalsağlık",creator,0.85,1.5,0.0,0.0
overhearddeumed,1,profile_scrape,scrape_1776936742.json,12,1215.0,nano,261.33,1.08,egitim_kariyer,egitim_kariyer,"overheard,kesfet,tip,keşfet,deutip,sinav,deuyip,mentos,dekanlik,intern",creator,0.83,1.4,0.0,0.0
ovinso.tr,1,profile_scrape,scrape_1776936742.json,12,25.0,nano,4.25,0.08,"otomotiv,teknoloji",otomotiv,"ovinso,bayiyazilimi,dijitaldonusum,motorcycle,motorsikletservis,hizlisatis,teknoloji,bayi,otomasyon,motorsiklet",creator,0.75,1.0,0.0,0.0
ozdmirbasak,1,profile_scrape,scrape_1776872304.json,12,592.0,nano,12.08,12.75,anne_bebek,anne_bebek,"annekızaşkı,annekız,keşfetteyizzz,huzur,tbt,instagramviralvideo,annebebekreels,keşfet,keşfetteyiz,babakız",creator,0.75,1.0,0.0,0.0
ozgeilemisha,1,profile_scrape,scrape_1776872304.json,12,4040.0,nano,298.42,41.67,"evcil_hayvan,anne_bebek",evcil_hayvan,"baby,babygirl,bebek,babylife,3monthsold,sütçükadın,normaldogum,sudadoğum,suyadoğum,sudadoğumizmir",creator,0.85,1.5,0.0,0.0
papatyambaby,1,profile_scrape,scrape_1776869436.json,6,142470.0,mid,608.0,150.33,"anne_bebek,moda_yasam,taki_aksesuar",anne_bebek,"bebekgiyim,bebek,anne,bebektakımları,bebekgiyimtrendleri,bebektulumu,bebektakım,bebekelbisesi,yenidoğan,hamile",creator,0.73,0.9,0.0,0.0
pastatarifleritr,1,profile_scrape,scrape_1776936742.json,12,9586.0,nano,45.5,0.75,yemek_mutfak,yemek_mutfak,"yemektarifleri,tatlıtarifleri,yemek,pastatarifleri,portakallıpasta,kurabiye,burmabörek,kolaytatlıtarifleri,profiterol,redvelvet",creator,0.93,1.9,0.0,0.0
patiilina,1,profile_scrape,scrape_1776872304.json,12,89.0,nano,1211.0,0.75,"evcil_hayvan,guzellik_kozmetik,egitim_kariyer",evcil_hayvan,"keşfetedüş,cat,fypppppppppppppppppppppppppppppppppppppppppppppppppppppppppppppppppppppp,kedivideoları,fypage,akım,keşfettengelenlertakipetsin❤,fypシ❤️💞❤️,catlife,kediailesi",creator,0.83,1.4,0.0,0.0
patilere.acil.yuva,1,profile_scrape,scrape_1776869679.json,12,61412.0,micro,93.67,8.0,"evcil_hayvan,egitim_kariyer",evcil_hayvan,"acilyuva,ömürlükyuva,satınalmaevlatedin,sahiplendirilecek,yuvaol,kopek,kedi,dog,cat,yuva",creator,0.77,1.1,0.3,0.0
pedrept,1,profile_scrape,scrape_1776937266.json,12,8990.0,nano,206.25,0.42,evcil_hayvan,evcil_hayvan,"law,afacere,juridic,drept,dreptcivil,dreptpenal,dreptcomercial,administrativ,dreptfinanaciar,dreptfiscal",creator,0.75,1.0,0.0,0.0
petgourmet.cl,1,profile_scrape,scrape_1776936742.json,12,5532.0,nano,0.0,0.08,evcil_hayvan,evcil_hayvan,"Comidapremium,petshop,Alimentomascotas,SanFelipe,Aconcagua,Doglover,Catlover,Gatos,Perros,Gatoschile",creator,0.79,1.2,0.3,0.0
pinar_denktas,1,profile_scrape,scrape_1776937104.json,12,21620.0,micro,5226.83,68.75,"anne_bebek,oyuncak_hobi",anne_bebek,"çocukgelişimi,keşfet,ebeveynlik,bilinçlianne,bilinçliebeveynlik,annelik,bebekgelişimi,annelikhalleri,modernannelik,erkençocukluk",creator,0.75,1.0,0.0,0.0
piramitegitim,1,profile_scrape,scrape_1776936742.json,12,1527.0,nano,38.58,1.58,"egitim_kariyer,evcil_hayvan",egitim_kariyer,"lgs,yks,gebze,denemesinavi,egitim,PiramitKurs,Eğitim,piramitegitim,LGS2026,LGSHazırlık",creator,0.83,1.4,0.3,0.0
pixorize,1,profile_scrape,scrape_1776869679.json,10,44897.0,micro,29966.9,13.6,"fitness_saglik,otomotiv",fitness_saglik,"medstudent,futuredoc,futurern,medicalstudents,medicalstudent,medstudentlife,medschool,medschoollife,medicalschoolmemes,medstudentslife",creator,0.83,1.4,0.0,0.0
piya_graphy,1,profile_scrape,scrape_1776872304.json,12,115.0,nano,4.17,0.5,"guzellik_kozmetik,otomotiv",guzellik_kozmetik,"SkincareRoutine,Brillare,Versed,CleanBeauty,Dove,CrumblCookies,DoveXCrumbl,BodyScrub,SkinCareEssentials,CoconutOil",creator,0.93,1.9,0.0,0.0
poncikbaby.butik,1,profile_scrape,scrape_1776937431.json,12,32.0,nano,6.25,0.17,"moda_yasam,anne_bebek,evcil_hayvan",moda_yasam,"bebekgiyim,çocukkombin,butikgiyim,indirim,zaratakım,kesfet,kızçocukgiyim,yenidoğan,bebekmodası,leopardesen",creator,0.95,2.4,1.5,0.0
potatothepup._,1,profile_scrape,scrape_1776937266.json,12,694.0,nano,24.42,1.92,"evcil_hayvan,anne_bebek",evcil_hayvan,"cute,dog,potato,the,pup,puppylife,dogsofinstagram,puppy,beach,puppylove",creator,0.85,1.5,0.0,0.0
pozitifbirblog_,1,profile_scrape,scrape_1776872304.json,12,1024.0,nano,198.92,1.58,"anne_bebek,yemek_mutfak,ev_yasam",anne_bebek,"keşfet,instagram,fypppppppppppppppppppppppppppppppppppppppppppppppppppppppppppppppppppppp,fyp,keşfett,beniöneçıkar,reklam,keşfetedüş,annebebek,keşfetteyizz",creator,0.83,1.4,0.0,0.0
projects.__made_easy,1,profile_scrape,scrape_1776868866.json,6,366.0,nano,4.0,0.0,"egitim_kariyer,ev_yasam",egitim_kariyer,"studygram,studentlife,schoolproject,creativelearning,studyinspo,schoolprojects,accountancyproject,commerceprojects,cbseaccountancy,schoolprojectwork",creator,0.77,1.1,0.0,0.0
psc_kerala_321,1,profile_scrape,scrape_1776937431.json,7,1.0,nano,0.71,0.0,"ev_yasam,egitim_kariyer",ev_yasam,"PSCKerala,PSCPreparation,KeralaJobs,StudyGram,psclife",creator,0.93,1.9,0.0,0.0
psk.dan.ozgeergeneciftci,1,profile_scrape,scrape_1776936742.json,4,48.0,nano,12.0,0.0,egitim_kariyer,egitim_kariyer,"sınav,sınavkaygısı,lgshazırlık,pdr,lgs,sınavahazırlık,bireyseldanışma",creator,0.83,1.4,0.0,0.0
quietpower_channel,1,profile_scrape,scrape_1776937431.json,8,19.0,nano,0.88,0.12,"finans_is,teknoloji",finans_is,"finance,business,news,invest,tech,tesla,apple,buisness,google,i̇ran",creator,0.75,1.0,0.0,0.4
raj_gholap_26,1,profile_scrape,scrape_1776937431.json,12,734.0,nano,119.75,20.17,"otomotiv,moda_yasam,evcil_hayvan",otomotiv,"instagram,instagood,photography,instadaily,attitude,trending,viral,royal,smile,insta",creator,0.83,1.4,0.0,0.0
redgoldensans_,1,profile_scrape,scrape_1776869679.json,11,5195.0,nano,284.0,65.45,evcil_hayvan,evcil_hayvan,"goldenretriever,köpek,keşfet,dog,dogsofinstagram,hayvansevgisi,fyp,puppy,dogs,goldenretrieversofinstagram",creator,0.85,1.5,0.0,0.0
reefunitynetwork,1,profile_scrape,scrape_1776937104.json,12,162.0,nano,11.25,4.25,finans_is,finans_is,"reefunitynetwork,coral,coralrestoration,coralreef,coralreefs,reef,reefs,conservation,saveourreefs,protectourreefs",creator,0.75,1.0,0.0,0.0
repensigroup,1,profile_scrape,scrape_1776937691.json,12,41.0,nano,4.08,1.0,"guzellik_kozmetik,moda_yasam,anne_bebek",guzellik_kozmetik,"inovacaodigital,negociosdigitais,crescimentoempresarial,performancedigital,webstrategist,webperformance,empreendedorismodigital,TI,tech,webdevelopment",creator,0.83,1.4,0.0,0.0
rifki.thesittingcat,1,profile_scrape,scrape_1776869436.json,6,6772.0,nano,353.0,32.17,"evcil_hayvan,egitim_kariyer",evcil_hayvan,"kedi,cat,cats_of_instagram,cats,instagram,instacat,tuxedocatsofinstagram,catsofinsta,tuxedocat,tuxedofeatures",creator,0.83,1.4,0.0,0.0
rocdz_,1,profile_scrape,scrape_1776936742.json,12,1202756.0,mega,47570.0,23469.75,"oyun_espor,teknoloji",oyun_espor,"republic_of_computer,gaming,graphic_design,laptops,games,alger,hp,lenovo,dell,asus",creator,0.71,0.8,0.0,0.0
roksanakarasiewicz,1,profile_scrape,scrape_1776937266.json,5,2725.0,nano,92.0,9.4,"otomotiv,guzellik_kozmetik,anne_bebek",otomotiv,"girl,me,lovemylife,photo,momlife,family,pregnant,photooftheday,happy,summer",creator,0.83,1.4,0.0,0.0
rosa_beauty___1,1,profile_scrape,scrape_1776868866.json,6,152.0,nano,1.17,0.0,"guzellik_kozmetik,otomotiv",guzellik_kozmetik,"explore,skincare,skincareproducts,girls,fyp,larocheposay,sunscreen,sunscream,sunscreeneveryday,ugc",creator,0.87,1.6,0.0,0.0
rotasizhayatlr,1,profile_scrape,scrape_1776872304.json,12,5750.0,nano,556.0,26.5,"yemek_mutfak,seyahat_gezi,oyuncak_hobi",yemek_mutfak,"diyarbakır,seyahat,rota,gezi,mardin,yemek,gezgin,midyat,harita,daraantikkenti",creator,0.83,1.4,0.0,0.0
russian_cream78,1,profile_scrape,scrape_1776937431.json,12,54.0,nano,8.33,0.5,"evcil_hayvan,egitim_kariyer",evcil_hayvan,"cat,explore,pet",creator,0.83,1.4,0.0,0.0
sabine.xoxo_,1,profile_scrape,scrape_1776937104.json,12,3251.0,nano,37.0,8.42,"evcil_hayvan,fitness_saglik,yemek_mutfak",evcil_hayvan,"catmom,catlover,bkh,purrfectcafé,coffeedate,foodinspirations,catlove,brownieballs,highprotein,proteinballs",creator,0.77,1.1,0.0,0.0
saglikci_sayfasi,1,profile_scrape,scrape_1776937104.json,12,35476.0,micro,21429.67,32.08,"anne_bebek,oyuncak_hobi",anne_bebek,"doktor,hemşire,ebe,paramedik,att,anestezi,laborant,radyoloji,nurse,doctor",creator,0.75,1.0,0.0,0.0
sal.paws,1,profile_scrape,scrape_1776869679.json,11,57.0,nano,5.45,0.18,"evcil_hayvan,otomotiv,finans_is",evcil_hayvan,"petservices,petcare,dog,doggrooming,dogservice,collie,akita,lovedoggrooming,DogGroomer,business",creator,0.85,1.5,0.0,0.0
samriddhisdiary,1,profile_scrape,scrape_1776872304.json,12,8676.0,nano,216.42,63.08,finans_is,finans_is,"startup,strategicthinking,mba,businesshacks,businessmodel,student,achivement,greathings,viralbrand,iceframework",creator,0.75,1.0,0.0,0.0
saninbabybutik,1,profile_scrape,scrape_1776937431.json,12,54.0,nano,3.25,0.0,"anne_bebek,moda_yasam,evcil_hayvan",anne_bebek,"bebekmodası,bebekgiyim,keşfetteyiz,kaliteliürün,uygunfiyat,bebekstili,yenidoğanalışverişi,hamile,bebekanneleri,cicibebek",creator,0.93,1.9,1.2,0.0
sartino.italy,1,profile_scrape,scrape_1776868726.json,8,56.0,nano,-1.0,0.0,moda_yasam,moda_yasam,"erkekgiyim,menswear,casual,kombin,tarz",creator,0.77,1.1,0.3,0.0
sassy.aken,1,profile_scrape,scrape_1776868866.json,6,1.0,nano,1.5,0.0,"ev_yasam,egitim_kariyer",ev_yasam,"iphone17promax,instagrammers,xoxo💋,happyday,viralreels,lovemesomeme,BeachVibes,GoldenHour,OceanMood,SummerGlow",creator,0.83,1.4,0.0,0.0
satya.khadka_,1,profile_scrape,scrape_1776872304.json,8,4326.0,nano,169.75,18.38,moda_yasam,moda_yasam,"explore,fyp,post,trending,fyb,navratri,ootd,trendingnow,outfit,mountain",creator,0.93,1.9,0.0,0.0
scholarship.plz,1,profile_scrape,scrape_1776869679.json,11,7.0,nano,1.55,0.0,"egitim_kariyer,ev_yasam",egitim_kariyer,"studywithme,studygram,studymotivation",creator,0.93,1.9,0.0,0.0
sciencewithjahir,1,profile_scrape,scrape_1776790071.json,7,179486.0,mid,1148.43,9.71,"ev_yasam,egitim_kariyer",ev_yasam,"physics,science,sciencewithjahir,studygram,inertia,learnphysics,electricity,magnetisme,ohm,scientist",creator,0.73,0.9,0.0,0.0
scooter.n.friends,1,profile_scrape,scrape_1776790071.json,1,1764.0,nano,43.0,4.0,"evcil_hayvan,egitim_kariyer",evcil_hayvan,"cat,catsofnyc,catlover,catsofinstagram,mewyork",creator,0.93,1.9,0.0,0.0
senizmutfak,1,profile_scrape,scrape_1776869679.json,11,35212.0,micro,145.36,190.91,yemek_mutfak,yemek_mutfak,"keşfet,nefisyemektarifleri,bayram,kurbanbayramı,düzen,düzeniseviyorum,kaşıksalatası,fypシ,malatya,fyp",creator,0.93,1.9,0.0,0.0
sergio.valencia.r,1,profile_scrape,scrape_1776790071.json,3,1021.0,nano,16.0,0.0,"fitness_saglik,moda_yasam",fitness_saglik,"bodybuildierlifestyle,muscle,fitness,fitnessnutrition,fitnesslife,motivaciongym,fitnessmotivation,fitnessworld,fitnessstyle,nevergiveup",creator,0.77,1.1,0.0,0.0
sevilayovali,1,profile_scrape,scrape_1776937104.json,12,1273.0,nano,21.58,0.17,"yemek_mutfak,evcil_hayvan",yemek_mutfak,"aşkla,sepet,dolusu,saglikliyasam,sagliklibesleniyorum,doğalyumurta,kendimlebaşbaşa,birkahve,kahvezamanı,kahvesözleri",creator,0.77,1.1,0.0,0.0
sevilennmutfakk,1,profile_scrape,scrape_1776868726.json,8,5216.0,nano,213.5,21.75,yemek_mutfak,yemek_mutfak,"keşfetteyiz,tatlıtarifleri,kurabiye,damlaçikolatalıkurabiye,kolaytarif,pratiktarifler,reels,ekler,pratiktatlılar,yemek",creator,0.93,1.9,0.0,0.0
sevvalb.s,1,profile_scrape,scrape_1776936742.json,12,1078.0,nano,229.75,13.42,egitim_kariyer,egitim_kariyer,"fyp,kesfetteyiz,beniöneçikart,yks,reklam,keșfet,studywithme,kesfet,isbirligi,keşfet",creator,0.83,1.4,0.0,0.0
shai.learns.japanese,1,profile_scrape,scrape_1776936742.json,12,2406.0,nano,123.58,6.58,"egitim_kariyer,ev_yasam",egitim_kariyer,"fyp,studygram,japanese,notsponsored,viral,study,learnjapanese,JapaneseLearning,TobiraTextbook,StudygramSpotlight",creator,0.93,1.9,0.0,0.0
sharedworldnews,1,profile_scrape,scrape_1776937431.json,12,18.0,nano,0.92,1.0,evcil_hayvan,evcil_hayvan,"Dünya,SosyalMedya,Doğumİzni,TBMM,Güvenlik,İsrail,Gündem,AralGolu,Cevre,Kazakistan",creator,0.85,1.5,0.0,1.4
shixuexi,1,profile_scrape,scrape_1776790071.json,8,67.0,nano,16.12,0.0,"egitim_kariyer,ev_yasam",egitim_kariyer,"study,studygram,studyaccount,studychinese,studyinspiration,studyvlog,studywithme,studymotivation",creator,0.93,1.9,0.0,0.0
shushucum,1,profile_scrape,scrape_1776936742.json,12,348.0,nano,44.42,8.0,yemek_mutfak,yemek_mutfak,"reklam,lezzet,mutfak,tarif,kahve,muffin,kek,yemektarifleri,bazlamatarifi,nefisyemektarifleri",creator,0.93,1.9,0.0,0.0
sikhi_pedia01,1,profile_scrape,scrape_1776937266.json,12,2.0,nano,0.17,0.17,"moda_yasam,ev_yasam,seyahat_gezi",moda_yasam,"lifestyle,SikhRiders,facebook,viral,FBlifestyle,usa,SikhKirtan,Waheguru,SikhHistory,Legacy",creator,0.83,1.4,0.0,0.0
siliconbeachstories,1,profile_scrape,scrape_1776936742.json,12,57.0,nano,14.0,0.08,finans_is,finans_is,"entrepreneur,startup,india,trending,bestoftheday,trendingnow,post,story,festival,motivation",creator,0.75,1.0,0.0,0.0
sinaptikbosluuk,1,profile_scrape,scrape_1776790071.json,2,5.0,nano,3.0,0.0,"egitim_kariyer,ev_yasam",egitim_kariyer,"studywithme,studygram,studynotes,yksnotlari,dersnotlarim",creator,0.93,1.9,0.0,0.0
sinem.direkk,1,profile_scrape,scrape_1776869679.json,8,1409.0,nano,30609.62,21.0,"anne_bebek,otomotiv",anne_bebek,"keşfetteyiz,fypppppppppppppppppppppppppppppppppppppppppppppppppppppppppppppppppppppp,wedding,reels,fypppppppppppppppシ゚viral,kesfet,bebek,kesfetteyiz,düğün,düğünfotoğrafçısı",creator,0.75,1.0,0.0,0.0
sinemuzunbeslenme,1,profile_scrape,scrape_1776937104.json,12,1316.0,nano,33.67,2.5,guzellik_kozmetik,guzellik_kozmetik,"sinemuzunbeslenme,sağlık,keşfetteyim,keşfetteyiz,kesfet,kesfetteyiz,tv,girişimcilik,farkındalık,LifeAndBeautyMag",creator,0.83,1.4,0.0,0.0
siskonyazilimveotomasyon,1,profile_scrape,scrape_1776937104.json,12,1076.0,nano,37.92,0.0,"otomotiv,taki_aksesuar",otomotiv,"Siskon,Yazilim,Otomasyon,MakesYourFactorySmarter,Digital,Cloud,Software,Manufacturing,Tailormade,IoT",creator,0.75,1.0,0.0,0.0
skinnyskinnypankokitty,1,profile_scrape,scrape_1776869777.json,6,5801.0,nano,187.5,2.17,"evcil_hayvan,egitim_kariyer",evcil_hayvan,"panko,cat,cats,catmemes,memes,meme,meow,kitty,kittycat,lol",creator,0.83,1.4,0.0,0.0
solay_skincare,1,profile_scrape,scrape_1776869679.json,10,319.0,nano,19.4,7.4,"guzellik_kozmetik,otomotiv",guzellik_kozmetik,"solay,skincare,serum,cream,glow,glow⁩⁩,glow⁩",creator,0.95,2.7,0.0,0.0
sscaieeee,1,profile_scrape,scrape_1776869679.json,12,,unknown,1.17,0.0,"guzellik_kozmetik,otomotiv",guzellik_kozmetik,"fyp,sunscreen,masukberandafypシ゚,parfum,skincare,trending,toner,masuk,fypppppppppppppppppppppppppppppppppppppppppppppppppppppppppppppppppppppp,skincareroutine",creator,0.73,0.9,0.0,0.0
staffen_ali,1,profile_scrape,scrape_1776872304.json,12,3879.0,nano,-1.0,33.58,"oyuncak_hobi,otomotiv",oyuncak_hobi,"lego,legominifigures,toyphotography,legophography,marvelstudios,legophotography,legofan,jurassicpark,kesfet,legomania",creator,0.75,1.0,0.0,0.0
stillsamewith_april,1,profile_scrape,scrape_1776869679.json,4,3.0,nano,1.0,0.0,"ev_yasam,egitim_kariyer",ev_yasam,"jlpt,studygram,nihongo,polyglot",creator,0.93,1.9,0.0,0.0
studio_only,1,profile_scrape,scrape_1776868726.json,8,4355.0,nano,1.88,2.25,"fitness_saglik,evcil_hayvan,taki_aksesuar",fitness_saglik,"yoga,barre,pilates,fitness,hotyoga,spring,workout,toneitup,love,namaste",creator,0.95,2.1,0.3,0.0
studio_scrap_,1,profile_scrape,scrape_1776868726.json,8,9917.0,nano,279.25,1.38,ev_yasam,ev_yasam,"studioscrap,scrapbookingturkey,🇺🇦,itdcollectionturkiye,itdcollection,scrapbookingturkiye,🇹🇷,kesimaparati,scrapbook,kirtasiye",creator,0.75,1.0,0.0,0.0
studiopari.co,1,profile_scrape,scrape_1776937104.json,6,134.0,nano,-1.0,1.5,"oyuncak_hobi,evcil_hayvan,anne_bebek",oyuncak_hobi,"anneler,1yaş,nişanhediyeliği,düğünhediyeliği,kınahediyeliği,sözhediyeliği,nikahşekeri,dogumhediyeligi,babyshowerhediyelik,yenidogan",creator,0.85,1.5,0.0,0.0
studyconkris,1,profile_scrape,scrape_1776869679.json,6,649.0,nano,40.5,0.83,"egitim_kariyer,ev_yasam,evcil_hayvan",egitim_kariyer,"studygram,explorepage,chile,paes,psu,explore,nurse,medicina,PAES,ptu",creator,0.93,1.9,0.0,0.0
stuntmanbrick,1,profile_scrape,scrape_1776868726.json,8,23450.0,micro,1153.62,13.88,"oyuncak_hobi,ev_yasam,otomotiv",oyuncak_hobi,"lego,movies,starwars,phantommenace,tradingcards,collectibles,comedy,homealone,hotrod,2000s",creator,0.75,1.0,0.0,0.0
subhamsocial,1,profile_scrape,scrape_1776937266.json,12,399.0,nano,23.42,0.75,"otomotiv,egitim_kariyer",otomotiv,"careerguidance,career,careeropportunities,careergoals,youngminds,socialimpact,careergrowth,careeradvice,careerawareness,self",creator,0.83,1.4,0.0,0.0
success_academy_portugal,1,profile_scrape,scrape_1776868866.json,6,167.0,nano,6.17,2.0,"egitim_kariyer,ev_yasam,finans_is",egitim_kariyer,"SuccessAcademy,ExamPrep,BusinessStudies,StudyGram,StudentSuccess,ALevels,ExamSeason,StudyInspiration,AcademicExcellence,YouGotThis",creator,0.93,1.9,1.5,0.0
talihaninmutfagi,1,profile_scrape,scrape_1776869679.json,11,21110.0,micro,-1.0,26.36,yemek_mutfak,yemek_mutfak,"mutfakgram,sunumönemlidir,turkishfood,tarif,tarifler,pilav,nefisgram,sütlütatlılar,yummy,lezzet",creator,0.77,1.1,0.0,0.0
tariffdefterinizzz,1,profile_scrape,scrape_1776869436.json,6,257228.0,mid,304.83,2.33,yemek_mutfak,yemek_mutfak,"tarif,yemek,sarıyer,sarıyerböreği,elaçmasıbörek,börektarifleri,kıymalıbörek,keşfet,recipe,katmer",creator,0.95,2.2,0.3,0.0
tarihdukkani_,1,profile_scrape,scrape_1776790071.json,1,68.0,nano,11.0,0.0,egitim_kariyer,egitim_kariyer,"ayt,tyt,ayt2026,tyt2026,ayttarih,tyttarih,aytsoruları,tytsoruları,sinav,sınav",creator,0.83,1.4,0.0,0.0
technix_legocar,1,profile_scrape,scrape_1776936742.json,8,21.0,nano,4.25,0.0,"oyuncak_hobi,otomotiv,teknoloji",oyuncak_hobi,"legocar,lego,legof1,legof1car,legocars,techniccar",creator,0.75,1.0,0.0,0.0
telefonhub_,1,profile_scrape,scrape_1776936742.json,7,13.0,nano,4.0,0.0,"teknoloji,taki_aksesuar",teknoloji,"telefonhub,telefoncu,telefondukkani,girişimci,mobilservis,yazilim,teknoloji,turkiyeesnaf,iphone,samsung",creator,0.75,1.0,0.0,0.0
telve_i_letaif,1,profile_scrape,scrape_1776790071.json,6,163.0,nano,19.0,0.5,yemek_mutfak,yemek_mutfak,"kahvelisözler,kahveligünler,kahve,telvesiumutköpüğühuzurolsun,keşfetteyiz🙏🏻✔️🙏🏻⃣*⃣⃣*⃣⃣*⃣⃣*⃣⃣*⃣⃣*⃣",creator,0.83,1.4,0.0,0.0
telveli.kahvem68,1,profile_scrape,scrape_1776937266.json,12,5381.0,nano,556.67,24.42,yemek_mutfak,yemek_mutfak,"viral,kahve,reelitfeelit,fypppppppppppppppppppppppppppppppppppppppppppppppppppppppppppppppppppppp,keşfetteyim,keşfet,reelsinstagram,keşfetteyiz,fyp,bacım",creator,0.83,1.4,0.0,0.0
teodora.dan,1,profile_scrape,scrape_1776872304.json,12,132255.0,mid,1103.83,37.92,"moda_yasam,otomotiv",moda_yasam,"fyp,outfit,cinderellascloset,instagram,dubai,photo,ramadan,abaya,tweed,vanilla",creator,0.73,0.9,0.0,0.0
the.sayan10_,1,profile_scrape,scrape_1776937431.json,7,1176.0,nano,27458.71,127.57,"evcil_hayvan,taki_aksesuar",evcil_hayvan,"udaipur,Number10,explore,trendingnow,amazing,ShadowSelfie,jewelry,yenidogan,Introspection",creator,0.85,1.5,0.0,0.0
theazurcat,1,profile_scrape,scrape_1776868726.json,8,134.0,nano,8.75,0.5,"evcil_hayvan,egitim_kariyer,taki_aksesuar",evcil_hayvan,"ragdoll,cat,ragdollcat,blueeyes,catlover,ragdolcatslover,beautifulragdoll,catlife,catgarden,cutecat",creator,0.93,1.9,0.0,0.0
theinvestorsassociation,1,profile_scrape,scrape_1776936742.json,12,1011.0,nano,30.83,0.42,"finans_is,egitim_kariyer,otomotiv",finans_is,"finance,TIA,FAU,Finance,financecareers,EnergyTrading,QuantTrading,MachineLearning,PowerMarkets,Arbitrage",creator,0.83,1.4,0.3,0.0
tiny.clubb,1,profile_scrape,scrape_1776936742.json,12,9265.0,nano,24.0,0.83,"anne_bebek,moda_yasam",anne_bebek,"bebekgiyim,çocukgi̇yi̇m,çoçukgiyim,bebektişört,bebekgiyimmodası,bebekpantolon,bebekkombin,bebekayakkabı,çocukgiyim",creator,0.77,1.1,0.0,0.0
tokengaymer,1,profile_scrape,scrape_1776869436.json,6,2000.0,nano,27.83,6.17,"oyun_espor,oyuncak_hobi,otomotiv",oyun_espor,"bgg,boardgames,gamedesign,gamedesignunboxed,gamedesigntip,gamedesignadvice,tabletopgames,behindthelensgame,kickstartergame,boardgame",creator,0.75,1.0,0.0,0.0
tomh.p,1,profile_scrape,scrape_1776872304.json,12,121391.0,mid,4379.75,14.83,otomotiv,otomotiv,"tomhp,liveupload,dreamcar,millionairecars,cargoal,automotivephotography,dreamcars,Ferrari,MontereyCarWeek,supercars",creator,0.71,0.8,0.0,0.0
tonyriccio_bricks,1,profile_scrape,scrape_1776936742.json,12,5810.0,nano,194.33,14.75,"oyuncak_hobi,otomotiv,moda_yasam",oyuncak_hobi,"photooftheday,lego,bricks,Best,VoteNow,Lego,Minifigures,photography,SupermanDay,superman",creator,0.83,1.4,0.0,0.0
toribridgwaters,1,profile_scrape,scrape_1776789429.json,3,56.0,nano,8.33,0.67,"ev_yasam,fitness_saglik,dekorasyon_mobilya",ev_yasam,"clean,ecofriendly,cleaning,home,athlete,mobility,movement,health",creator,0.83,1.4,0.0,0.0
toscanoracing,1,profile_scrape,scrape_1776790071.json,6,2094.0,nano,80.67,2.17,otomotiv,otomotiv,"vallelunga,legendcars,toscanoracing,shamotorsport,motorsport,fxracing,roma,gridwalk,supersport,legendcarsitalia",creator,0.75,1.0,0.0,0.0
tsukialeigh,1,profile_scrape,scrape_1776868726.json,8,53.0,nano,0.88,1.0,"egitim_kariyer,ev_yasam",egitim_kariyer,"learnjapanese,japaneselearning,studyingjapanese,jlpt,langstudy,languagelearning,studygram,languagejournal,studyinjapan,日本語",creator,0.93,1.9,0.0,0.0
tuecoffee.tr,1,profile_scrape,scrape_1776869436.json,6,345.0,nano,46.83,0.0,yemek_mutfak,yemek_mutfak,"tuecoffee,coffeetime,kahve,tatli,istanbul,kafe,tueye,ızgarasebze,sağlıklısandviç,lezzetlimola",creator,0.83,1.4,0.0,0.0
turkmen_kiyafet,1,profile_scrape,scrape_1776936742.json,6,22.0,nano,7.33,1.5,"moda_yasam,anne_bebek,evcil_hayvan",moda_yasam,"modafashion,instagram,terzi,kıyafet,alışveriş,sarı,bebekgiyim,trending,viral,explorepage",creator,0.83,1.4,0.0,0.0
udrescueduard,1,profile_scrape,scrape_1776937431.json,12,2866.0,nano,121.92,8.42,finans_is,finans_is,"90dayrun,networkmarketing,rs90,business,eduardudrescu,risingstars,imprenditoria,networkmarketi̇ng",creator,0.75,1.0,0.3,0.0
ugc.rachaelb,1,profile_scrape,scrape_1776790071.json,7,107.0,nano,9.86,0.57,"guzellik_kozmetik,otomotiv",guzellik_kozmetik,"ugc,ugccreator,ugccommunity,ugcexample,skincare,ugcjourney,serum,2026goals,trending",creator,0.95,3.2,0.0,0.0
upscalerts,1,profile_scrape,scrape_1776936742.json,12,221682.0,mid,47182.0,145.58,finans_is,finans_is,"india,economy,politics,upscalerts,babaramdev,rupee,currency,chardham,kedarnath,badrinath",creator,0.71,0.8,0.0,0.0
urunyacom,1,profile_scrape,scrape_1776937266.json,12,440.0,nano,42.08,2.17,"anne_bebek,moda_yasam,oyuncak_hobi",anne_bebek,"bebek,organikbebek,annebebek,bebekgiyim,urunya,bebekmodasi,bebekkiyafet,yenidogan,bebekalisverisi,bebekhediye",creator,0.93,1.9,0.0,0.0
uzm.dr.zivareldarova,1,profile_scrape,scrape_1776869679.json,11,22304.0,micro,3530.45,35.55,otomotiv,otomotiv,"uzmanginekoloqzivəreldarova,ginekoloq,japan,sakura,osaka,hamiləlik,keysəriyyə,cherryblossom,nara,kyoto",creator,0.75,1.0,0.0,0.0
vavbabytr,1,profile_scrape,scrape_1776936742.json,12,13946.0,micro,23.42,0.75,"anne_bebek,moda_yasam,evcil_hayvan",anne_bebek,"bebekgiyim,bebekmodası,bebekkombin,yenidoğanhediyesi,bebekmodasi,bebekpatiği,bebekbandanası,mevlütkıyafeti,salopettakım,annebebek",creator,0.87,1.6,0.3,0.0
veronellimakarna,1,profile_scrape,scrape_1776872304.json,12,60601.0,micro,249.67,1155.67,"yemek_mutfak,oyuncak_hobi",yemek_mutfak,"VeronelliMakarna,Makarna,Tarif,SağlıklıÖneriler,Oyun,Hediye,MakarnaTarifleri,Bakla,BaharatlıÇıtırMakarna,KelebekMakarna",creator,0.93,1.9,0.0,0.0
villainousitalia,1,profile_scrape,scrape_1776937104.json,12,2880.0,nano,202.83,8.42,"oyun_espor,oyuncak_hobi,otomotiv",oyun_espor,"disneyvillainous,villainous,ravensburger,ravensburgergames,disneyvillains,villainouscommunity,giocodatavolo,boardgame,filledwithfright,oogieboogie",creator,0.75,1.0,0.0,0.0
vitals.and.void,1,profile_scrape,scrape_1776868866.json,6,34.0,nano,2.5,0.0,"ev_yasam,egitim_kariyer",ev_yasam,"neetpg,btr,trendingreel,inicet,studygram,trendingnow,neetpg2026,corebtr,medstudent,fyp",creator,0.93,1.9,0.0,0.0
vodafonekocyigit,1,profile_scrape,scrape_1776937104.json,12,1104.0,nano,0.67,0.0,"yemek_mutfak,teknoloji,oyuncak_hobi",yemek_mutfak,"vodafone,5g,tarife,redbox,teknoloji,akillitelefon,kampanya,i̇ndirim,jbl,kulaklık",creator,0.77,1.1,0.3,0.0
voicesof_theoppressed,1,profile_scrape,scrape_1776936742.json,12,69300.0,micro,15931.0,111.25,anne_bebek,anne_bebek,"fypage,fyp,patriarcado,capitalismo,fypp,decolonizeyourmind,parenting,coparenting,machismo,colonialismo",creator,0.75,1.0,0.0,0.0
volateality,1,profile_scrape,scrape_1776872304.json,12,15780.0,micro,13888.08,61.25,"finans_is,yemek_mutfak",finans_is,"finance,financememes,investing,stock,investmentbanking,investmentbanking”​​​​​​​​​​​​​​​​,stocks,rizz,tariffs,trump",creator,0.93,1.9,0.0,0.0
woofiesrestonherndon,1,profile_scrape,scrape_1776937104.json,12,945.0,nano,15.58,1.58,"evcil_hayvan,otomotiv",evcil_hayvan,"woofies,woofiesrestonherndon,woofiesmobilepetspa,woofiespetcare,woofiesgrooming,woofiesmobilegrooming,woofiespetsitting,woofiesrescue,petgroomers,dogsofinstagram",creator,0.85,1.5,0.0,0.0
wymondhamcollege,1,profile_scrape,scrape_1776936742.json,12,3195.0,nano,130.25,0.25,evcil_hayvan,evcil_hayvan,"wymondhamlife,monthofthemilitarychild,alumnispotlight,limblossawareness,limbdifferenceawareness,limbdifference,parliament,marietidball,positivechange,maircup",creator,0.75,1.0,0.0,0.0
yaprakdoener.remscheid,1,profile_scrape,scrape_1776937104.json,12,109.0,nano,31.42,0.67,oyuncak_hobi,oyuncak_hobi,"yaprakdönerremscheid,serpme,starkesteam,frühstück,kahvalti,müsterimemnuniyeti,acilis,liebe,Yaprakdöner,taze",creator,0.75,1.0,0.0,0.0
yazilimdaily,1,profile_scrape,scrape_1776937691.json,5,38.0,nano,44.0,3.6,"guzellik_kozmetik,otomotiv",guzellik_kozmetik,"software,yazilim,yapayzeka,yazılım,code,ai,disiplin,kesfet,frontend,developer",creator,0.83,1.4,0.0,0.0
yelken.akademi,1,profile_scrape,scrape_1776936742.json,2,329.0,nano,12.5,0.0,egitim_kariyer,egitim_kariyer,"yks,sınav,yks2026,ykskoçluk,eğitimkoçu,YKS2026,YKSKoçluk,Yks,SınavHazırlık,EğitimKoçluğu",creator,0.83,1.4,1.2,0.0
yet.akademi,1,profile_scrape,scrape_1776872304.json,12,1654.0,nano,331.5,8.17,egitim_kariyer,egitim_kariyer,"yks,tyt,yks2026,ayt,ösym,yks2025,kpss,2026tayfa,matematik,sınav",creator,0.83,1.4,1.2,0.0
yhcosmetologa,1,profile_scrape,scrape_1776868866.json,6,206.0,nano,8.5,0.0,"otomotiv,guzellik_kozmetik",otomotiv,"SerumFacial,AcidoHialuronico,Niacinamida,VitaminaC,limpiezafacial,cabinaLED,Fototerapia,PielLuminosa,SinDolor,CentellaAsiatica",creator,0.83,1.4,0.0,0.0
yildizlarkulup,1,profile_scrape,scrape_1776872304.json,12,2194.0,nano,620.0,1.83,"anne_bebek,egitim_kariyer",anne_bebek,"kesfet,yks,kesfetteyiz,türkiye,lgs,sinav,keşfetteyiz,şehit,atatürk,egitim",creator,0.83,1.4,0.0,0.0
zeyyucarr,1,profile_scrape,scrape_1776872304.json,6,428.0,nano,22.33,9.83,"anne_bebek,ev_yasam,evcil_hayvan",anne_bebek,"keşfetteyim,baby,mom,annelik,reels,love,home,bebek,18ay,minikadam",creator,0.75,1.0,0.0,0.0
zonadedrs_,1,profile_scrape,scrape_1776872304.json,12,19006.0,micro,597.5,10.0,otomotiv,otomotiv,"motorsport,f1,brawngp,audif1team,gabrielbortoleto,miamigp,memes,astonmartin,wec,imolagp",creator,0.75,1.0,0.0,0.0
anne.oijusluoma,2,profile_scrape,scrape_1776869777.json,1,218.0,nano,11.0,0.0,genel,genel,"SinfoniaLahti,DaliaStasevska,tampereenoopperankuoro",creator,0.75,1.0,0.0,0.0
ayteninmetbexi_,2,profile_scrape,scrape_1776869679.json,12,8355.0,nano,653.33,38.0,genel,genel,"kesfett,yagis,yağış,rainyday🌙3️⃣💎,saçının1telneolrüm,nu0ra14🌱,qutab,qarinqutabi,göyqutabi,kete",creator,0.75,1.0,0.0,0.0
azero_inseng,2,profile_scrape,scrape_1776936742.json,12,2283.0,nano,1533.0,20.33,genel,genel,"공스타그램,약한영웅,JLPT,일본어능력시험,일본어공부,weakhero,박지훈,최현욱",creator,0.75,1.0,0.0,0.0
cb.ozgedari,2,profile_scrape,scrape_1776937691.json,12,1566.0,nano,25.83,2.0,genel,genel,"emlakyatırımı,jovengroup,emlakdanışmanlığı,projeüretme,insaat,proje,i̇nşaat,coldwellbanker,yatirim,çayyolu✨🎈🎉✨🎈",creator,0.75,1.0,0.0,0.0
cizreli_pati_dostu,2,profile_scrape,scrape_1776937691.json,12,59367.0,micro,6763.92,420.58,genel,genel,"köpek,hayvanseverler,hayvanhakları,köpekvideoları,köpeksevgisi,sokakhayvanlarısahipsizdeğil,köpekaşkı,hayvan,sokakhayvanları,sokakhayvanlarınıkoruyalım",creator,0.75,1.0,0.0,0.0
clarapierrotti,2,profile_scrape,scrape_1776937266.json,12,27573.0,micro,612.33,101.33,genel,genel,"fineline,tatuagem,tattoo,finelinetattooartist,bsb,capitalfederal,finelinetattoo,tatuadoraembrasilia,tattoos,brasilia",creator,0.85,1.5,0.0,0.0
danlabilic,2,profile_scrape,scrape_1776787644.json,20,5937563.0,mega,136028.45,940.1,genel,genel,"işbirliği,DanlaBilic,DanlaBilic’in,EleleDergisi,reklam,isbirligi",creator,0.71,0.8,0.0,0.4
dogal_kozmetik1,2,profile_scrape,scrape_1776868866.json,6,81.0,nano,2.67,0.17,genel,genel,,creator,0.91,1.8,1.2,0.0
e.luk7,2,profile_scrape,scrape_1776868866.json,6,35.0,nano,1.0,2.83,genel,genel,,creator,0.75,1.0,0.0,0.0
egitimkocuelifgulden,2,profile_scrape,scrape_1776937691.json,12,48232.0,micro,4274.67,75.25,genel,genel,"matematik,lgs,motivasyon,öğrencikoçluğu,yks,eğitimkoçluğu,ögrencikoçu,eğitimdanışmanlığı,8sınıf,başarı",creator,0.75,1.0,0.0,0.0
emine.yllmz,2,profile_scrape,scrape_1776869679.json,11,11521.0,micro,5489.82,80.73,genel,genel,"keşfet,keșfet,viral,komikpaylaşımlar,reels,kesfetteyiz,fyp,fypシ,explore,explorepage",creator,0.75,1.0,0.0,0.0
emrahyucel,2,profile_scrape,scrape_1776787644.json,2,7.0,nano,5.0,0.0,genel,genel,,creator,0.75,1.0,0.0,0.0
filiinfiore,2,profile_scrape,scrape_1776937691.json,10,36.0,nano,15.9,0.0,genel,genel,"borsa,uncinetto,handmade,fattoamano,crochet,artigianato,crochetbag,handbag,dustbag,borsetta",creator,0.75,1.0,0.0,0.0
gebzezirvesogukbaklava,2,profile_scrape,scrape_1776937104.json,8,88.0,nano,13.25,0.25,genel,genel,"sogukkadayıf,tatlı,soğukbaklava,sütlütatli,baklava,kadayıf,tatli",creator,0.75,1.0,0.0,0.0
gongbuhyen,2,profile_scrape,scrape_1776868726.json,8,680.0,nano,49.5,3.38,genel,genel,"공부기록,공스타그램,플래너,셋로그,카공,알바,편입공부,공부,서평단,책추천",creator,0.75,1.0,0.0,0.0
gzde_ayazz,2,profile_scrape,scrape_1776937104.json,12,443.0,nano,38.92,2.58,genel,genel,"keşfetteyiz,kişiselgelisim,girişimci,hayaller,girisim,kariyergelişimi,keșfetteyiz,keșfetteyim,pesetme,birgün",creator,0.75,1.0,0.0,0.0
haciogullariavm,2,profile_scrape,scrape_1776936742.json,12,1268.0,nano,24.83,0.5,genel,genel,"hacıoğullarıavm,oğuzhanhacıoğulları,hacıoğulları,osmancık,çorum,türkiye,keşfet,keşfetteyiz,öneçıkar,oyuncak",creator,0.75,1.0,0.0,0.0
imran.memon15,2,profile_scrape,scrape_1776937266.json,12,142.0,nano,12.08,0.33,genel,genel,"KSE100,PSX,kse100index,kse100_index,kse100_closing,morning,Greeting,Prayers,OpulenAdvisory,Memon15",creator,0.75,1.0,0.0,0.0
kampuskocu,2,profile_scrape,scrape_1776868726.json,8,116.0,nano,5.5,1.75,genel,genel,"yks,tyt,ayt,2026yks,ösym",creator,0.75,1.0,0.0,0.0
kinebaveterinerklinigii,2,profile_scrape,scrape_1776937691.json,12,2230.0,nano,308.17,1.75,genel,genel,"veterinerkliniği,veterinerhekim,kedi,kediaşkı,veterinerhekimi,kediaşktır,beniöneçıkart,veterinerklinigi,kastrasyon,kısırlaştırma",creator,0.75,1.0,0.0,0.0
kirintisimitkafe,2,profile_scrape,scrape_1776937691.json,12,390.0,nano,16.25,0.25,genel,genel,"şekerpare,boyoz,izmirlezzeti,kahvalti,taze,baklava,soğuk,soğukbaklava,simitpoğaça,kahvaltı",creator,0.75,1.0,0.0,0.0
kutaymadlen,2,profile_scrape,scrape_1776937266.json,10,41.0,nano,8.3,0.1,genel,genel,"madlen,promosyonürünleri,promosyonçikolata,sargılıçikolata,madlençikolata,pelitçikolata,çikolatakutusu,kutuçikolata,valonia,madlencikolata",creator,0.75,1.0,0.0,0.0
malidusuncekulubu,2,profile_scrape,scrape_1776937691.json,12,315.0,nano,5.25,2.58,genel,genel,"çomü,mdk,malidüşüncekulübü,malidusuncekulubu,çanakkale,çanakkaleonsekizmartüniversitesi,onsekizmartüniversitesi,öğrencikulüpleri,kulüp,öğrenci",creator,0.75,1.0,0.0,0.0
mauroantenore,2,profile_scrape,scrape_1776872304.json,12,26874.0,micro,-1.0,1271.08,genel,genel,,creator,0.75,1.0,0.0,0.0
mertcreative.agency,2,profile_scrape,scrape_1776936742.json,12,192.0,nano,21.42,2.83,genel,genel,"grafiktasarım,creativeagency,sosyalmedyatasarımı,designstudio,branding,ürünçekimi,yapayzeka,aivisual,reelsvideo,socialmediadesign",creator,0.75,1.0,0.0,0.4
modantacanta,2,profile_scrape,scrape_1776869679.json,6,7.0,nano,0.17,0.0,genel,genel,,creator,0.75,1.0,0.0,0.0
mydreamylife,2,profile_scrape,scrape_1776937104.json,8,182.0,nano,-1.0,3.38,genel,genel,,creator,0.75,1.0,0.0,0.0
nbstyle.gifts,2,profile_scrape,scrape_1776869777.json,1,1929.0,nano,10.0,13.0,genel,genel,,creator,0.75,1.0,0.0,0.0
officer_somday,2,profile_scrape,scrape_1776790071.json,1,187.0,nano,16.0,3.0,genel,genel,,creator,0.75,1.0,0.0,0.0
ozgurozdekkk,2,profile_scrape,scrape_1776937104.json,12,1352.0,nano,38.5,0.25,genel,genel,"keşfet,keşfetteyiz,keşfetteyim,keşfetedüş,kafayapısı,girişim,girisim,gelişim,keşifönerisi,girişimci",creator,0.75,1.0,0.0,0.0
pamelatallarita.grafico,2,profile_scrape,scrape_1776790071.json,7,140.0,nano,202.57,2.86,genel,genel,"valdinievole,relax,ridere,amore,cannella,cioccolato,noci,pasquetta,cibo,abbigliamento",creator,0.75,1.0,0.0,0.0
patigillersahiplendirme,2,profile_scrape,scrape_1776936742.json,12,1772.0,nano,48.33,2.25,genel,genel,"kedi,keşfet,yuva,keşfetteyim,sahiplendirme,keşfetteyiz,uşak",creator,0.75,1.0,0.0,0.0
pigmentsepeti,2,profile_scrape,scrape_1776868866.json,6,46.0,nano,2.0,0.0,genel,genel,"tozboya,pigment,floresan,mumboyası,pigmentblack,optikbeyazlaştırıcı,morsedef,kırmızıtozsim,kırmızısim,blackpink",creator,0.75,1.0,0.0,0.0
puzzled.to.pieces,2,profile_scrape,scrape_1776869436.json,6,1630.0,nano,44.83,5.33,genel,genel,"puzzletime,jigsawpuzzle,ilovepuzzles,puzzlelove,puzzlepic,puzzleart,puzzling,puzzlefeed,addictedtopuzzles,puzzlesarefun",creator,0.75,1.0,0.0,0.0
raybao0512,2,profile_scrape,scrape_1776868866.json,6,1324.0,nano,66.17,12.83,genel,genel,"형제묘,일상,냥스타그램,냥이들,초보집사,집사,고양이사진,고양이집사,고양이자랑,냥팔해요",creator,0.75,1.0,0.0,0.0
ritmikmatematikyks,2,profile_scrape,scrape_1776937691.json,6,103.0,nano,12.0,0.5,genel,genel,"yksmatematik,yks,yksnotları,yks2026,matematiketkinliği,yks2026tayfagümbürgümbür,matematiköğretmeni,tyt,aytmatematik,matematiközelders",creator,0.75,1.0,0.0,0.0
rizehafizlardernegi,2,profile_scrape,scrape_1776872304.json,12,8281.0,nano,439.92,26.92,genel,genel,"hafız,rihad,rizehafızlarderneği,riho,iho,hafızlar,reels,keşfet,islam,müslüman",creator,0.75,1.0,0.0,0.0
selinle.ailevecocuk,2,profile_scrape,scrape_1776869679.json,12,14347.0,micro,424.67,2.17,genel,genel,"cocukgelisimi,ebeveynlik,çocukgelişimiveeğitimi,sporcuebeveyni,sporcuebeveyniolmak,futbol,çocukgelişimi,kahramanmaras,ailedanışmanı,çocukgelişimci",creator,0.75,1.0,0.0,0.0
suruchi_todankar,2,profile_scrape,scrape_1776872304.json,12,3831.0,nano,695.08,57.5,genel,genel,"instgram,instagrampost,instagramlike,instalike,beach,beachvibes🌊,traditionalwears,marathimulgi,instamoment,sarre",creator,0.75,1.0,0.0,0.0
terapiilmeklerr,2,profile_scrape,scrape_1776869679.json,8,1244.0,nano,27.88,23.12,genel,genel,"amigurumi,short,ayıwinnie,kesfetedüs,shorts,terapiilmekler,kedi,keşfet,shortshifter,çanta",creator,0.75,1.0,0.0,0.0
teras.cafe.bistro,2,profile_scrape,scrape_1776937691.json,9,37.0,nano,7.44,0.0,genel,genel,"teras,nefis,manzara,serpme,cafe,menu,leziz,muratpasadeniz,deniz,gunbatımı",creator,0.75,1.0,0.0,0.0
threegotr,2,profile_scrape,scrape_1776937691.json,8,56.0,nano,8.0,0.12,genel,genel,"THREEGO,KuryeHizmeti,Kurye,İlkadım,Restoran,EsnafKurye,Canik,Atakum,Samsun,Teslimat",creator,0.75,1.0,0.0,0.0
tiger_batman_yorkieboys,2,profile_scrape,scrape_1776937691.json,12,7909.0,nano,24.33,189.33,genel,genel,"zoe,batman,cavapoogirl,yorkieboy,Faiths7thsafari,adoptdontshop,tiger,sweetangel,runfreeinheaven,foreverinourhearts",creator,0.75,1.0,0.3,0.0
tugceergisi,2,profile_scrape,scrape_1776787644.json,1,,unknown,0.0,0.0,genel,genel,,creator,0.71,0.8,0.0,0.0
undemircraft,2,profile_scrape,scrape_1776937431.json,12,76.0,nano,2.0,0.08,genel,genel,"ÜndemirCraft,Sticker,davetiye,kişiyeözeltasarım,undemircraft,ündemircraft,Davetiye,Etiket,düğündavetiye,nişandavetiye",creator,0.75,1.0,0.0,0.0
vatandaslik_geneltekrar,2,profile_scrape,scrape_1776937691.json,12,973.0,nano,131.08,17.17,genel,genel,"kpss,kpssgenelkültür,kpssgüncelbilgiler,kpssgüncel,kpssvatandaşlık,kpssanayasa,kpsslisans,kpssönlisans,kpssortaöğretim,kpssgeneltekrar",creator,0.75,1.0,0.0,0.0
vedanshkumar812,2,profile_scrape,scrape_1776937431.json,12,96.0,nano,34.5,7.5,genel,genel,"viral,instagood,instagram,reels,foryou,followforfollowback,instamood,reelsinstagram,viralvideos,fyp",creator,0.75,1.0,0.0,0.0
vipulmayavshi,2,profile_scrape,scrape_1776869777.json,1,1728.0,nano,314.0,12.0,genel,genel,,creator,0.75,1.0,0.0,0.0
yazilimgezegenii,2,profile_scrape,scrape_1776936742.json,12,117163.0,mid,3176.17,44.92,genel,genel,"yazılım,yazılımmühendisliği,yazilim,yazilimgezegeni,software,softwareengineer,bilgisayarprogramcılığı,bilgisayarmühendisliği,bilgisayar,yazilimci",creator,0.71,0.8,0.0,0.0
yigitpetveteriner,2,profile_scrape,scrape_1776937104.json,12,1378.0,nano,34.75,1.33,genel,genel,"kediler,yavrukedi,kedicikler,kedi,kitten,köpekler,köpek,yavruköpek,PUPPY,cockerspaniel",creator,0.75,1.0,0.0,0.0
zehraca.blogum,2,profile_scrape,scrape_1776869777.json,2,1216.0,nano,106.0,2.0,genel,genel,"nasihat,keşfetteyim,keşfetteyiz,keşfet,gönüldağıdizisi,dizi",creator,0.75,1.0,0.0,0.0
